lot_id,source_row_id,event_time,tool_id,chamber_id,recipe_id,product_family,shift,quality_label,label_delay_hours,label_available_at,is_synthetic_anomaly,anomaly_mechanism,root_cause_id,is_unseen_context,split,source_lot_id,timestamp,sensor_000,sensor_001,sensor_002,sensor_003,sensor_004,sensor_006,sensor_007,sensor_008,sensor_009,sensor_010,sensor_011,sensor_012,sensor_014,sensor_015,sensor_016,sensor_017,sensor_018,sensor_019,sensor_020,sensor_021,sensor_022,sensor_023,sensor_024,sensor_025,sensor_026,sensor_027,sensor_028,sensor_029,sensor_030,sensor_031,sensor_032,sensor_033,sensor_034,sensor_035,sensor_036,sensor_037,sensor_038,sensor_039,sensor_040,sensor_041,sensor_043,sensor_044,sensor_045,sensor_046,sensor_047,sensor_048,sensor_050,sensor_051,sensor_053,sensor_054,sensor_055,sensor_056,sensor_057,sensor_058,sensor_059,sensor_060,sensor_061,sensor_062,sensor_063,sensor_064,sensor_065,sensor_066,sensor_067,sensor_068,sensor_070,sensor_071,sensor_074,sensor_075,sensor_076,sensor_077,sensor_078,sensor_079,sensor_080,sensor_081,sensor_082,sensor_083,sensor_084,sensor_086,sensor_087,sensor_088,sensor_089,sensor_090,sensor_091,sensor_092,sensor_093,sensor_094,sensor_095,sensor_096,sensor_098,sensor_099,sensor_100,sensor_101,sensor_102,sensor_103,sensor_104,sensor_105,sensor_106,sensor_107,sensor_108,sensor_112,sensor_113,sensor_114,sensor_115,sensor_116,sensor_117,sensor_118,sensor_119,sensor_120,sensor_121,sensor_122,sensor_123,sensor_124,sensor_125,sensor_126,sensor_127,sensor_128,sensor_129,sensor_130,sensor_131,sensor_132,sensor_133,sensor_134,sensor_135,sensor_136,sensor_137,sensor_138,sensor_139,sensor_140,sensor_142,sensor_143,sensor_144,sensor_145,sensor_146,sensor_147,sensor_148,sensor_150,sensor_151,sensor_152,sensor_153,sensor_154,sensor_155,sensor_156,sensor_159,sensor_160,sensor_161,sensor_162,sensor_163,sensor_164,sensor_165,sensor_166,sensor_167,sensor_168,sensor_169,sensor_170,sensor_171,sensor_172,sensor_173,sensor_174,sensor_175,sensor_176,sensor_177,sensor_180,sensor_181,sensor_182,sensor_183,sensor_184,sensor_185,sensor_187,sensor_188,sensor_195,sensor_196,sensor_197,sensor_198,sensor_199,sensor_200,sensor_201,sensor_202,sensor_203,sensor_204,sensor_205,sensor_206,sensor_207,sensor_208,sensor_209,sensor_210,sensor_211,sensor_212,sensor_213,sensor_214,sensor_215,sensor_216,sensor_217,sensor_218,sensor_219,sensor_221,sensor_222,sensor_223,sensor_224,sensor_225,sensor_227,sensor_228,sensor_238,sensor_239,sensor_247,sensor_248,sensor_249,sensor_250,sensor_251,sensor_252,sensor_253,sensor_254,sensor_255,sensor_267,sensor_268,sensor_269,sensor_270,sensor_271,sensor_272,sensor_273,sensor_274,sensor_275,sensor_277,sensor_278,sensor_279,sensor_280,sensor_281,sensor_282,sensor_283,sensor_285,sensor_286,sensor_287,sensor_288,sensor_289,sensor_290,sensor_291,sensor_294,sensor_295,sensor_296,sensor_297,sensor_298,sensor_299,sensor_300,sensor_301,sensor_302,sensor_303,sensor_304,sensor_305,sensor_306,sensor_307,sensor_308,sensor_309,sensor_310,sensor_311,sensor_312,sensor_316,sensor_317,sensor_318,sensor_319,sensor_320,sensor_321,sensor_323,sensor_324,sensor_331,sensor_332,sensor_333,sensor_334,sensor_335,sensor_336,sensor_337,sensor_338,sensor_339,sensor_340,sensor_341,sensor_342,sensor_343,sensor_344,sensor_347,sensor_348,sensor_349,sensor_350,sensor_351,sensor_352,sensor_353,sensor_354,sensor_355,sensor_356,sensor_357,sensor_359,sensor_360,sensor_361,sensor_362,sensor_363,sensor_365,sensor_366,sensor_367,sensor_368,sensor_376,sensor_377,sensor_385,sensor_386,sensor_387,sensor_388,sensor_389,sensor_390,sensor_391,sensor_392,sensor_393,sensor_405,sensor_406,sensor_407,sensor_408,sensor_409,sensor_410,sensor_411,sensor_412,sensor_413,sensor_415,sensor_416,sensor_417,sensor_418,sensor_419,sensor_420,sensor_421,sensor_423,sensor_424,sensor_425,sensor_426,sensor_427,sensor_428,sensor_429,sensor_430,sensor_431,sensor_432,sensor_433,sensor_434,sensor_435,sensor_436,sensor_437,sensor_438,sensor_439,sensor_440,sensor_441,sensor_442,sensor_443,sensor_444,sensor_445,sensor_446,sensor_447,sensor_448,sensor_452,sensor_453,sensor_454,sensor_455,sensor_456,sensor_457,sensor_459,sensor_460,sensor_467,sensor_468,sensor_469,sensor_470,sensor_471,sensor_472,sensor_473,sensor_474,sensor_475,sensor_476,sensor_477,sensor_478,sensor_479,sensor_480,sensor_482,sensor_483,sensor_484,sensor_485,sensor_486,sensor_487,sensor_488,sensor_489,sensor_490,sensor_491,sensor_493,sensor_494,sensor_495,sensor_496,sensor_497,sensor_499,sensor_500,sensor_510,sensor_511,sensor_519,sensor_520,sensor_521,sensor_522,sensor_523,sensor_524,sensor_525,sensor_526,sensor_527,sensor_539,sensor_540,sensor_541,sensor_542,sensor_543,sensor_544,sensor_545,sensor_546,sensor_547,sensor_548,sensor_549,sensor_550,sensor_551,sensor_552,sensor_553,sensor_554,sensor_555,sensor_556,sensor_557,sensor_558,sensor_559,sensor_560,sensor_561,sensor_562,sensor_563,sensor_564,sensor_565,sensor_566,sensor_567,sensor_568,sensor_569,sensor_570,sensor_571,sensor_572,sensor_573,sensor_574,sensor_575,sensor_576,sensor_577,sensor_582,sensor_583,sensor_584,sensor_585,sensor_586,sensor_587,sensor_588,sensor_589,synthetic_evidence_id,injected_sensor_columns,abrupt_shift_sigma,degradation_progress,degradation_final_sigma,maintenance_evidence_id,variance_multiplier_progress,variance_final_multiplier,variance_mean_delta,sensor_fault_type,sensor_fault_detail,benign_drift_type,benign_drift_evidence_id,is_benign_drift,is_contextual_control,contextual_pair_id,contextual_expected_status,contextual_normal_recipe,contextual_anomalous_recipe,contextual_sensor_columns,recipe_context_evidence_id
SYNV2_00541,541,2026-04-01 06:00:00,TOOL_01,TOOL_01_CH_01,RCP_C,MEMORY,NIGHT,0,48,2026-04-03 06:00:00,0,none,none,0,train,SECOM_0540,2008-08-29 15:43:00,3072.67,2487.08,2202.2889,1518.2905,0.9257,94.8922,0.1213,1.5657,-0.0079,0.0028,0.9531,197.2015,6.9304,407.5162,9.8532,0.9629,187.3482,12.6006,1.4213,-6170.75,2627.25,-4105.75,-506.3333,1.2985,2.0165,7.3025,67.9667,2.4,0.2057,3.3099,85.1059,8.5987,50.5025,64.3081,49.4975,66.236,86.7807,119.1156,79.98,3.312,356.5018,10.0578,139.3227,741.1233,1.3648,144.2318,640.0564,212.5809,4.612,4.866,2853.0,0.9248,0.9479,4.5484,-0.1209,357.7218,10.268,119.2018,14.9973,20.1209,28.8518,712.2715,1.0146,148.1355,625.0591,68.6079,0.0,-0.0123,0.0016,-0.0044,-0.1068,0.0113,-0.0067,-0.0333,-0.0428,6.8014,0.1298,2.4021,0.9888,1777.7633,0.2033,9395.9002,-0.0717,0.0026,0.0035,-0.0001,0.0,0.0881,-0.1561,0.0177,0.0,-0.0001,-0.0119,-0.0076,-0.0002,-0.0025,-0.0035,-0.0221,-0.1172,0.4101,0.9339,0.0,808.1438,0.9903,58.3444,0.5905,0.9769,6.2973,15.84,4.809,15.9,15.9,1.163,2.708,0.7242,3.025,-0.1419,0.6764,0.9964,2.3044,997.8064,36.287,308.0,97.3,77.4,65.5,444.087,0.1199,4.24,0.0047,0.1011,0.043,0.0372,0.0176,2.5564,4.887,14.298,0.275,0.0124,2.3086,0.62,0.0823,2403.0,819.0,1726.0,1649.0,0.077,0.109,0.144,1.9,1.2,0.222,0.43,0.7495,0.1266,0.406,0.7112,0.406,0.6115,0.3487,0.105,19.07,0.556,13.45,37.951,0.1545,8.55,20.85,52.773,0.243,6.52,22.77,1.084,12.84,21.52,6.52,6.485,36.31,0.3543,15.53,0.0,21.52,92.129,0.0,0.0789,0.0526,0.0332,0.071,0.056,0.0964,0.1158,0.0518,5.3456,0.0017,0.082,0.0024,181.1365,0.1365,638.5,0.0158,0.0206,0.0051,0.0047,0.127,0.0208,0.0,41.5453,0.0008,3.1192,0.0439,0.0036,0.5795,0.0384,31.204,5.1375,53.7425,34.6422,25.0312,22.5716,180.5049,0.0445,1.61,0.0013,0.0419,0.0118,0.0111,0.0058,0.8191,1.315,3.8398,0.0984,0.0042,0.7352,0.1013,0.0282,1075.0356,374.4973,818.4071,829.7556,0.0334,0.0485,0.0705,0.6042,0.4093,0.072,0.1617,0.2959,0.0469,0.1647,0.2593,0.1647,0.249,0.1246,0.0477,6.3084,0.1727,3.6168,11.3247,0.0437,2.6844,6.62,12.9587,0.0769,2.0679,6.5448,0.2997,3.9327,11.0934,2.0679,2.0628,11.0929,0.1056,4.5757,0.0,6.5489,33.3054,0.0,0.0231,0.0223,0.015,0.0314,0.0157,0.0511,0.0546,0.0245,1.8718,0.0007,0.0258,0.0007,60.1274,0.042,233.3025,0.0046,0.0054,0.0035,0.0029,0.0016,0.0017,0.031,0.0067,0.0,15.1046,0.0002,1.0812,0.0142,0.0013,0.1836,0.0119,10.9722,1.4918,13.8933,3.1666,3.1121,2.9742,29.2491,12.9561,4.4682,3.8759,6.4573,542.5868,0.0,1.8438,1.2964,70.5158,3.5086,2.7908,1.2873,1.2322,4.9204,5.7892,38.9418,31.1733,42.0386,325.6748,5.9299,5.4054,1.9719,2.7955,50.0,107.9417,12.9914,0.8807,1.4724,0.8039,1.1059,0.8202,0.9232,0.4018,0.0881,5.3492,5.528,9.6538,5.1207,11.3171,5.928,3.2575,24.8249,5.3425,0.0,6.3653,10.5571,10.7716,143.4923,32.4041,22.4768,5.0978,34.918,10.4836,0.0,3.4429,134.2833,641.7895,0.0,750.2825,66.4638,494.2085,0.0,347.4869,121.028,78.5955,1.3095,3.4156,0.2455,10.189,67.1668,6.7955,616.5854,588.5714,67.3267,0.0,30.9612,2.2261,0.0,5.1408,0.0781,5.3462,7.4409,0.3652,9.202,1.6684,3.1273,14.158,0.1096,0.0078,0.0026,7.116,0.9111,403.122,74.084,0.471,16.34,1.15,0.1979,7.4279,0.4789,54.4417,4.0671,1.5298,0.9552,0.2197,0.0392,23.0054,264.272,0.651,5.16,0.1195499999999999,2.15045,0.04865,1.9997,16.98835,533.2618,2.2691,10.56,0.3699,3.7221,0.0953,1.9803,16.3015,0.4954,0.0136,0.0038,2.7385,-0.0012,0.0252,0.0081,0.0,,,,,,,,,,,,recipe_mix_change,EVID_BENIGN_DRIFT_RECIPE_MIX_CHANGE_001,1,0,,,,,,
SYNV2_00543,543,2026-04-01 14:00:00,TOOL_04,TOOL_04_CH_01,RCP_C,MIXED_SIGNAL,SWING,0,48,2026-04-03 14:00:00,0,none,none,0,validation,SECOM_0542,2008-08-29 20:21:00,2962.79,2560.69,2155.6333,1070.0439,0.8024,101.4333,0.1241,1.5391,0.0086,-0.0063,0.9524,200.4115,10.563,417.6844,10.5185,0.9707,189.893,12.481,1.3851,-5472.75,2687.75,-2630.3333,6579.5,1.3197,1.9878,7.3215,67.1222,1.5667,0.1237,3.379,84.2212,9.2047,50.1936,64.0841,49.8064,66.4854,87.0488,118.034,65.01,3.459,348.3455,10.0504,150.0509,743.6734,1.3175,135.1409,633.5373,212.7201,4.589,4.883,2833.0,0.9324,0.9398,4.5122,0.1664,348.9245,10.032,130.2173,11.2309,19.8336,26.1038,717.5695,1.1113,143.1645,622.3064,115.7602,0.0,0.005,-0.0331,0.0379,-0.0239,0.0103,-0.083,-0.0379,-0.0182,8.5646,0.1402,2.4206,0.9671,1894.9172,0.1947,9037.95,0.0106,0.0139,0.0064,-0.0001,0.0,0.0685,-0.1081,0.0242,0.0,-0.0001,-0.0504,-0.0117,-0.0003,-0.014,-0.0063,0.373,0.3504,0.4623,0.9755,0.0,754.7281,0.9908,58.7145,0.6018,0.968,6.3517,15.91,4.392,15.94,15.89,1.239,2.453,0.6586,2.91,-0.5204,0.7586,0.9981,2.2967,1003.0211,38.9026,79.0,49.8,71.5,55.2,330.043,0.1043,7.38,0.0033,0.1253,0.072,0.0518,0.0272,7.466,5.409,7.868,0.312,0.0114,7.4446,0.53,0.0402,1400.0,454.0,3382.0,5827.0,0.167,0.16,0.28,3.9,1.8,0.116,0.375,0.6024,0.1348,0.4061,0.7844,0.4061,0.8855,0.2246,0.228,20.66,0.568,7.56,30.68,0.1044,5.81,19.39,41.357,0.275,8.96,21.83,0.802,11.4,21.31,8.96,10.555,38.565,0.1834,12.37,0.0,21.31,52.197,0.0,0.1003,0.0586,0.0868,0.0529,0.1142,0.0534,0.0604,0.0565,3.8866,0.0039,0.0429,0.0116,126.0663,0.028,1475.7998,0.0404,0.0307,0.0049,0.0069,0.0148,0.0061,0.0,159.1943,0.0007,2.09,0.0211,0.0218,0.4242,0.0334,33.747,4.0302,22.2733,19.2794,25.6107,20.3445,116.5224,0.0379,2.2388,0.001,0.0534,0.0189,0.013,0.0091,2.856,1.6204,1.9642,0.0942,0.0038,2.8238,0.1694,0.0164,576.4879,200.3536,1712.8171,2686.759,0.0775,0.0681,0.1244,1.0474,0.5895,0.0408,0.1242,0.2567,0.0537,0.1636,0.2967,0.1636,0.3398,0.0857,0.0902,6.833,0.1616,2.0332,8.7934,0.027,2.0045,5.7815,12.3061,0.0932,3.0051,5.9931,0.2178,3.6849,9.6861,3.0051,3.6278,11.5106,0.0519,3.3012,0.0,6.776,18.8052,0.0,0.0352,0.0277,0.041,0.0236,0.0323,0.0246,0.0291,0.0241,1.2881,0.0011,0.0142,0.0037,39.0002,0.0091,428.287,0.0123,0.0106,0.0024,0.0025,0.0019,0.0024,0.0044,0.0019,0.0,46.2066,0.0003,0.5436,0.0071,0.0073,0.1431,0.012,13.4011,1.3131,3.5619,1.6808,2.7922,2.5607,30.8439,13.004,7.2757,2.6581,8.1409,837.8182,827.1457,2.8592,3.7253,51.207,1.8837,2.9659,1.174,3.9204,4.2464,2.9008,25.5813,16.8915,128.5769,88.563,12.6539,8.0493,3.8244,5.8103,114.8936,93.8005,11.098,0.7153,1.4641,0.8091,1.224,0.8154,1.3319,0.258,0.1932,5.9309,5.6515,5.0383,4.1255,7.9259,4.2992,3.0606,19.442,6.0946,0.0,6.2564,7.9944,8.7546,189.7438,45.1757,40.4347,5.3744,16.5023,8.6404,0.0,3.4244,45.0906,0.0,176.9057,228.722,221.8029,0.0,64.2986,159.5773,310.0137,45.3798,2.7824,1.7738,1.2042,6.6529,14.403,16.3289,291.3024,481.5686,41.9251,0.0,3.1987,0.6228,0.0,21.0929,0.0694,3.5596,3.5109,2.2526,6.6787,1.4539,3.3645,10.3597,0.1096,0.0078,0.0026,7.116,0.9111,403.122,74.084,0.471,16.34,1.15,0.1979,7.4279,0.4789,54.4417,4.0671,1.5298,0.9682,0.1423,0.0387,14.7029,264.272,0.651,5.16,0.1195499999999999,2.15045,0.04865,1.9997,16.98835,532.7427,2.3382,9.13,0.2724,3.2479,0.0738,1.7138,11.6508,0.5056,0.0184,0.004,3.6355,0.0451,0.0087,0.0033,19.3621,,,,,,,,,,,,recipe_mix_change,EVID_BENIGN_DRIFT_RECIPE_MIX_CHANGE_001,1,0,,,,,,
SYNV2_00544,544,2026-04-01 18:00:00,TOOL_04,TOOL_04_CH_01,RCP_C,MIXED_SIGNAL,NIGHT,0,24,2026-04-02 18:00:00,0,none,none,0,train,SECOM_0543,2008-08-29 20:49:00,3085.35,2503.86,2201.8222,1288.0857,1.6769,95.9789,0.1209,1.5166,-0.0088,0.0049,0.9773,203.8928,10.2454,413.8704,10.1975,0.9737,193.6953,12.4655,1.3577,-5677.75,2726.5,-5388.5,-6575.5,1.295,2.0012,7.2908,67.1778,2.1889,0.1814,3.2893,85.3825,9.7324,50.3716,64.2442,49.6284,66.6973,87.1381,118.0668,16.64,6.215,350.9327,10.3217,122.54,710.7553,1.443,146.0818,619.5546,163.5238,4.613,4.83,2822.0,0.9361,0.955,4.5539,4.92,347.9455,10.6823,107.46,15.0528,15.08,22.7427,688.0126,0.8304,149.0964,604.5018,62.1682,0.0,-0.0086,-0.0462,-0.0175,-0.0194,0.0036,-0.0923,-0.015,0.0123,6.9046,0.1293,2.4174,0.9886,1743.2584,0.1905,9794.51,-0.1054,0.0007,0.0033,0.0001,0.0001,-0.1982,0.2995,0.0205,0.0001,0.0001,0.0409,-0.0111,-0.0003,-0.0007,-0.0033,-0.0132,0.1361,0.4585,0.9182,0.0,824.3834,0.991,58.5577,0.5888,0.9667,6.3472,15.87,4.563,15.96,15.91,1.541,2.51,0.6567,2.89,0.0,0.7717,0.9946,2.2965,1001.3796,36.7896,105.0,167.2,195.6,59.2,532.019,0.2062,8.3,0.0046,0.0954,0.0435,0.0443,0.0091,8.9259,5.072,8.612,0.4943,0.0075,8.4505,0.27,0.0744,390.0,570.0,12582.0,12268.0,0.179,0.061,0.193,2.5,0.6,0.101,0.49,0.7473,0.0743,0.3412,0.6345,0.3412,0.9513,0.2813,0.138,17.02,0.338,6.85,28.727,0.1235,4.47,16.46,48.753,0.273,4.29,18.02,0.299,8.23,16.99,4.29,6.187,30.639,0.3652,11.57,0.0,16.99,63.483,0.0,0.0698,0.0464,0.044,0.0992,0.0684,0.0847,0.0834,0.0611,6.8452,0.0023,0.0481,0.0025,125.3848,0.0349,1740.5,0.017,0.0175,0.004,0.0044,0.0272,0.0326,0.0,161.6724,0.0008,1.7915,0.0232,0.0216,0.5809,0.039,31.776,3.6498,29.8946,58.0294,67.4597,20.4963,153.1415,0.0758,2.5903,0.0014,0.037,0.0127,0.0143,0.0032,3.1419,1.6612,2.5392,0.1455,0.0025,3.0531,0.0655,0.0295,187.4235,302.9923,5530.6661,6191.0512,0.0827,0.0277,0.0804,0.7155,0.2571,0.0373,0.151,0.302,0.0324,0.1417,0.2364,0.1417,0.3534,0.1126,0.0658,5.4468,0.1145,1.9058,8.4626,0.0402,1.4256,4.9197,14.5716,0.0921,1.3393,5.8244,0.0932,2.4617,8.6285,1.3393,1.957,9.451,0.0891,3.2037,0.0,5.1815,19.9158,0.0,0.019,0.0203,0.019,0.0472,0.0209,0.0382,0.0453,0.0302,2.0234,0.0006,0.0135,0.0007,43.521,0.0114,501.7087,0.0037,0.0058,0.0036,0.0037,0.0012,0.0016,0.0076,0.0085,0.0,44.3811,0.0003,0.5324,0.009,0.0075,0.1906,0.0119,12.0637,1.1609,4.7101,5.4192,7.8119,2.6887,41.3031,12.2969,8.6477,3.8045,6.2905,493.617,912.2265,0.9322,4.3777,49.5053,2.0808,4.8471,0.7664,4.3628,2.166,5.4829,6.8689,20.9059,233.4973,186.5714,13.8224,3.0481,2.6472,3.7215,27.4112,55.6644,14.8966,0.8752,0.7634,0.6774,0.9876,0.6875,1.4263,0.3228,0.1169,4.8499,3.2746,5.59,4.0418,8.5575,3.0599,2.6567,29.814,5.9949,87.1951,5.179,2.799,7.6587,112.8696,28.4483,27.2044,4.4533,43.9712,7.7601,0.0,2.8106,102.1149,810.4499,100.3243,251.4286,510.6821,0.0,91.766,554.1528,498.7755,99.1398,1.7787,1.9901,0.2523,7.1926,18.3002,17.7702,0.0,523.3645,35.9955,0.0,5.9227,3.5516,0.0,19.6113,0.0806,3.0594,3.9391,2.23,9.1516,1.6967,3.1732,9.9207,0.1096,0.0078,0.0026,7.116,2.1764,408.772,73.792,2.7105,8.29,1.24,1.1553,4.2508,0.5069,124.5407,2.028,1.6804,0.9692,0.246,0.0488,25.3822,249.292,0.7487,7.56,0.187,3.1112,0.0843,3.0326,24.9737,512.4609,1.5211,426.85,1.0685,134.1202,0.3337,83.2942,70.2474,0.4999,0.0133,0.0032,2.6682,0.0492,0.0182,0.0058,36.998,,,,,,,,,,,,recipe_mix_change,EVID_BENIGN_DRIFT_RECIPE_MIX_CHANGE_001,1,0,,,,,,
SYNV2_00545,545,2026-04-01 22:00:00,TOOL_04,TOOL_04_CH_02,RCP_C,MIXED_SIGNAL,DAY,0,24,2026-04-02 22:00:00,0,none,none,0,train,SECOM_0544,2008-08-29 21:25:00,3037.82,2436.39,2167.2,1108.9456,1.4869,94.26,0.1249,1.5308,0.0055,-0.0062,0.9546,200.4794,7.8402,409.8728,10.6887,0.9747,189.7908,12.4706,1.4048,-6424.75,3144.25,-5695.25,1417.25,0.971,1.89,5.1098,67.7444,2.8333,0.2016,4.6396,85.5983,8.5232,50.4559,64.0577,49.5441,66.2289,86.6814,118.5342,78.95,2.607,351.8482,10.227,141.2418,743.7398,1.297,148.5691,641.6591,200.1255,4.624,4.858,2888.0,0.9329,0.9516,4.5834,-1.3227,353.8073,10.4624,119.9191,17.2327,21.3227,29.827,713.9128,0.9656,150.7,624.4264,61.8409,0.0,-0.0035,-0.0169,0.0095,-0.0164,0.0103,-0.112,-0.0204,0.0399,7.4125,0.1332,2.3635,0.9906,1820.0463,0.157,9580.61,-0.0575,-0.0037,0.0026,0.0,0.0001,-0.0709,-0.0965,-0.0149,0.0004,0.0,0.0658,-0.0073,0.0002,0.0038,-0.0026,-0.09,-0.1445,0.4669,0.9434,0.0,814.5702,0.9905,58.8705,0.6065,0.9639,6.452,15.93,4.585,15.98,15.95,1.376,2.461,0.6903,2.92,-1.655,0.7591,0.9967,2.2937,1005.3318,42.9293,93.0,72.7,103.7,68.1001,1245.613,0.148,12.33,0.0046,0.2225,0.0585,0.044,0.0232,8.032,4.694,10.868,0.4896,0.0116,7.6485,0.21,0.0564,759.0,660.0,19941.0,176.0,0.091,0.083,0.08,3.1,0.7,0.067,0.143,0.8849,0.0676,0.3177,0.5148,0.3177,0.7387,0.1568,0.385,15.77,0.214,7.45,23.654,0.1044,4.7,15.4,45.56,0.19,6.51,20.45,0.175,6.3,24.95,6.51,6.995,27.761,0.6839,17.68,0.0,24.95,91.825,0.0,0.0663,0.028,0.0534,0.0362,0.0341,0.0961,0.0711,0.0962,3.0988,0.0028,0.0283,0.0009,84.3625,0.0399,721.6006,0.0225,0.0171,0.0034,0.0037,0.0406,0.0216,0.0,78.3502,0.001,3.8859,0.0263,0.0251,0.5974,0.0215,25.494,4.0608,25.045,26.0418,35.1585,23.4755,401.8832,0.0598,4.4515,0.0014,0.0716,0.0174,0.0124,0.0077,2.6556,1.3794,3.7927,0.1412,0.0038,2.5647,0.0585,0.0181,320.2555,282.9292,8500.4822,74.1861,0.0397,0.035,0.0401,0.9139,0.2646,0.0225,0.0499,0.362,0.0262,0.1223,0.1938,0.1223,0.3011,0.0617,0.1405,5.7706,0.0671,2.6153,6.9408,0.0339,1.5966,4.5133,13.6134,0.0623,2.2183,6.2136,0.0654,1.8381,8.9243,2.2183,2.2432,8.5279,0.2281,4.1575,0.0,7.0253,34.8273,0.0,0.0172,0.0122,0.0307,0.0166,0.0104,0.0499,0.0347,0.0462,0.9077,0.0009,0.0116,0.0002,26.3608,0.0158,214.3652,0.0059,0.006,0.0041,0.0034,0.0011,0.0013,0.013,0.006,0.0,23.2428,0.0003,1.1838,0.0088,0.0091,0.1983,0.0066,9.1571,1.2545,4.1278,2.3932,4.2563,3.1423,112.3241,9.9562,13.0808,3.6815,14.5344,0.0,713.2725,2.4327,4.0064,59.8711,2.6516,4.5804,1.1935,4.0299,1.684,4.0133,11.8137,20.9907,350.1339,12.4184,9.3718,4.3915,1.5656,4.576,24.7059,33.2415,3.0822,1.0338,0.7934,0.6297,0.8036,0.6412,1.1154,0.1809,0.3248,4.482,2.0925,5.2746,3.1804,8.0509,3.1635,2.4,22.7657,4.1453,492.1649,5.78,1.6727,5.2535,144.7825,30.5308,23.4518,3.8886,70.829,11.7319,0.0,3.9957,148.4859,0.0,165.6805,560.6299,221.4067,331.9273,85.8036,348.5294,240.801,41.8053,2.1014,1.1971,0.0887,4.6352,25.4215,7.5319,605.042,670.5882,46.4957,0.0,8.6999,2.2844,0.0,9.6186,0.1046,6.6008,4.3335,2.6046,9.2586,0.9382,2.5359,9.4593,0.1096,0.0078,0.0026,7.116,1.8932,401.442,72.604,1.4972,18.9,1.05,0.5785,8.1786,0.4679,79.0827,4.708,1.4462,0.9674,0.7942,0.1527,82.0961,264.272,0.651,5.16,0.1195499999999999,2.15045,0.04865,1.9997,16.98835,532.5182,2.0621,8.87,0.2525,2.883,0.087,1.6657,12.2428,0.4969,0.0137,0.0036,2.7577,0.0334,0.0188,0.0051,56.2041,,,,,,,,,,,,recipe_mix_change,EVID_BENIGN_DRIFT_RECIPE_MIX_CHANGE_001,1,0,,,,,,
SYNV2_00546,546,2026-04-02 02:00:00,TOOL_04,TOOL_04_CH_01,RCP_C,LOGIC,NIGHT,0,12,2026-04-02 14:00:00,0,none,none,0,train,SECOM_0545,2008-08-29 21:46:00,3089.53,2695.57,2242.8555,1430.727,0.8832,106.21,0.1216,1.5219,-0.0022,-0.0003,0.9792,200.4165,8.2149,424.9716,9.7257,0.9814,190.6908,12.5059,1.3982,-6369.75,3045.5,-5006.75,1493.0,0.9888,1.8907,5.1645,70.1,2.5889,0.193,4.6684,85.3154,8.5135,50.3873,64.1605,49.6127,66.2242,86.6662,119.2382,78.79,3.194,354.2445,10.1229,137.1373,735.1128,1.4032,145.1518,636.5336,196.1374,4.587,4.831,2856.0,0.927,0.9495,4.5556,-0.7845,353.6054,10.512,116.3527,14.6036,20.7845,28.7982,706.3146,0.8873,151.9718,621.93,109.3084,0.0,-0.0185,-0.0315,-0.0207,-0.0362,0.0395,-0.1058,-0.0091,-0.0061,6.904,0.1297,2.3091,0.9849,1763.6142,0.1817,8626.7101,-0.2893,-0.0061,-0.0039,0.0008,-0.0004,-0.9229,2.5698,0.0353,-0.0011,0.0012,0.0872,-0.0114,-0.0005,0.0061,0.0039,0.1263,0.151,0.4651,0.9475,0.0,731.0047,0.9904,58.894,0.6024,0.9658,6.3212,15.92,4.92,15.96,15.96,1.399,2.471,0.7857,3.062,-0.0946,0.7436,0.9971,2.3063,1006.0844,39.14,84.0,194.3,178.0,62.9001,227.0289,0.1099,5.67,0.0039,0.1294,0.0555,0.0437,0.0054,6.2989,5.311,13.256,0.807,0.0042,5.5041,0.31,0.0419,293.0,650.0,10153.0,175.0,0.131,0.083,0.254,2.2,0.6,0.105,0.149,0.8867,0.0417,0.3555,0.4481,0.3555,0.6013,0.204,0.135,14.73,0.239,14.78,38.317,0.1607,8.86,21.19,29.149,0.271,6.69,18.78,0.208,10.25,19.36,6.69,7.204,32.545,0.1258,11.73,0.0,19.36,81.334,0.0,0.1382,0.0765,0.037,0.0329,0.1033,0.1018,0.0837,0.0293,5.0203,0.0034,0.0584,0.0017,92.8213,0.0528,780.3003,0.0802,0.1043,0.0075,0.0051,0.0498,0.019,0.0,68.0631,0.001,3.7947,0.0234,0.0214,0.4429,0.0343,31.216,4.5258,22.7541,63.7683,54.755,21.1302,80.6074,0.0359,2.1317,0.0011,0.0497,0.0166,0.0137,0.0018,2.0935,1.537,3.8652,0.2377,0.0015,1.9261,0.0877,0.0155,122.0393,295.8947,4580.177,74.2114,0.0551,0.0345,0.1057,0.7176,0.2028,0.033,0.0456,0.3188,0.0162,0.1379,0.1922,0.1379,0.2451,0.0781,0.0494,4.7145,0.0832,3.8425,11.2429,0.0499,2.702,6.4785,8.9278,0.0848,1.9844,5.6904,0.0538,2.7668,9.601,1.9844,2.2472,10.1901,0.0397,3.1894,0.0,5.6711,29.3659,0.0,0.0325,0.0317,0.018,0.015,0.0328,0.0529,0.0454,0.0131,1.9602,0.001,0.0211,0.0005,28.9089,0.0171,244.4531,0.0183,0.0248,0.0197,0.0221,0.0023,0.002,0.0112,0.0056,0.0,18.8357,0.0003,1.1749,0.0079,0.0067,0.1465,0.0112,10.5767,1.3543,3.8103,6.289,6.6034,2.8045,15.8681,12.4432,5.3385,3.2064,8.5028,0.0,0.0,0.5518,3.1429,64.6507,3.1193,8.2976,0.4254,2.8864,2.4788,2.9989,4.5999,21.343,202.7862,11.7214,13.2491,4.3898,4.9182,3.1384,23.176,54.4041,3.1916,1.0393,0.4896,0.7055,0.6984,0.7166,0.908,0.2354,0.1132,4.1581,2.361,10.7775,5.2124,11.4488,6.104,3.329,14.8615,5.9487,852.7231,5.311,1.9787,8.8094,132.5701,32.1874,25.0156,4.6077,14.1729,7.7185,0.0,3.1129,74.4078,747.7849,242.8571,178.9601,90.884,261.726,96.2648,919.7802,482.3045,72.7161,2.6214,2.5291,0.1733,5.2631,29.0477,9.0452,0.0,0.0,66.0793,0.0,10.7068,2.0092,0.0,9.3109,0.0995,6.4432,3.8842,2.2191,7.0066,1.4871,3.1027,11.5631,0.1096,0.0078,0.0026,7.116,0.9111,403.122,74.084,0.471,16.34,1.15,0.1979,7.4279,0.4789,54.4417,4.0671,1.5298,0.9512,0.3954,0.0986,41.5699,251.342,0.5856,7.89,0.0892,3.1667,0.036,3.1391,15.2357,537.4627,2.1325,7.48,0.2969,2.5692,0.0925,1.3917,13.9238,0.5003,0.0233,0.0053,4.6616,0.0334,0.0188,0.0051,56.2041,,,,,,,,,,,,recipe_mix_change,EVID_BENIGN_DRIFT_RECIPE_MIX_CHANGE_001,1,0,,,,,,
SYNV2_00550,550,2026-04-02 18:00:00,TOOL_06,TOOL_06_CH_02,RCP_C,MEMORY,DAY,0,48,2026-04-04 18:00:00,0,none,none,0,train,SECOM_0549,2008-08-29 22:49:00,3058.6,2568.35,2228.4444,1364.0563,0.8795,106.2756,0.1216,1.5886,-0.0044,0.0092,0.9714,201.2684,7.095,409.8962,9.8139,0.9756,191.4545,12.4618,1.3978,-5490.25,2737.75,-3635.0,-5033.75,1.2837,2.0065,7.2762,65.6556,1.8111,0.167,3.483,85.8807,9.754,50.2775,63.9959,49.7225,66.5687,87.1954,118.0116,65.11,3.462,356.1009,10.0093,135.0364,730.478,0.9249,138.0755,629.2127,123.3803,4.617,4.868,2843.0,0.929,0.9484,4.5141,2.9691,354.41,10.4229,118.0055,12.1627,17.0309,22.5569,707.9211,0.8996,146.0755,618.4909,71.1621,0.0,-0.0332,-0.0247,-0.012,-0.0279,0.0175,-0.1035,-0.0219,0.0127,6.8674,0.1288,2.3908,0.9913,1725.4839,0.1667,8726.7798,0.0152,0.0065,-0.0013,0.0,0.0,0.0513,-0.0468,0.0158,-0.0001,0.0,0.0211,-0.0089,-0.0002,-0.0065,0.0013,-0.0111,-0.0467,0.4569,0.9352,0.0,744.2807,0.992,58.5766,0.6027,0.9775,6.2204,15.92,4.92,15.96,15.96,1.399,2.471,0.7857,3.062,-0.0946,0.7436,0.9971,2.3063,1006.0844,39.14,148.0,78.2,119.3,71.0999,205.2839,0.3197,5.17,0.0033,0.1253,0.0434,0.0391,0.0075,6.146,4.288,12.143,0.2972,0.0063,5.8506,0.66,0.0562,631.0,331.0,972.0,8142.0,0.095,0.109,0.218,3.3,1.3,0.119,0.491,0.4955,0.0807,0.3767,0.5871,0.3767,0.9365,0.2261,0.166,20.98,0.711,10.76,34.488,0.121,10.03,23.53,20.566,0.271,5.29,18.71,0.592,10.53,22.52,5.29,4.745,32.558,0.2482,5.07,0.0,28.57,84.15,0.0,0.0522,0.052,0.021,0.0406,0.0474,0.1062,0.0895,0.0869,2.984,0.0037,0.0573,0.0021,110.2527,0.0287,1291.3994,0.0105,0.0131,0.006,0.0053,0.0203,0.0386,0.0,120.1171,0.0003,2.2199,0.0224,0.005,0.4768,0.0343,31.216,4.5258,26.2466,27.8286,36.6552,22.3395,76.9801,0.0965,1.9144,0.0009,0.0476,0.0131,0.0124,0.0025,2.047,1.4113,4.41,0.0928,0.0022,1.9663,0.106,0.0198,296.7045,139.858,401.8159,3638.443,0.0397,0.0488,0.0898,0.9812,0.4226,0.0444,0.1473,0.2118,0.0379,0.147,0.222,0.147,0.358,0.1003,0.0648,5.5332,0.2635,2.7093,10.2887,0.0359,2.737,6.6744,6.5789,0.0817,1.5403,5.7803,0.1553,3.1124,9.4876,1.5403,1.5635,10.2473,0.0805,1.5393,0.0,8.1742,28.3427,0.0,0.0141,0.0225,0.0096,0.0177,0.0112,0.0509,0.0461,0.0451,0.9745,0.001,0.0198,0.0006,33.523,0.0089,449.0989,0.0029,0.0035,0.0026,0.0019,0.0019,0.0018,0.0063,0.0134,0.0,44.2552,0.0001,0.5986,0.0088,0.0016,0.1533,0.0112,10.5767,1.3543,6.6371,2.5567,4.645,3.1906,15.0495,36.3498,4.8647,2.7145,7.8874,980.791,424.1356,0.7677,3.0537,60.4369,2.9625,3.0283,0.6418,3.0559,5.2962,4.0228,11.4931,12.0902,26.74,161.7482,7.4002,5.4323,2.996,5.0262,71.7791,71.2575,14.097,0.577,0.8274,0.7492,0.9174,0.7576,1.4068,0.2593,0.1407,5.8916,7.1034,7.9682,4.7213,13.0853,7.2641,3.7396,16.6688,6.0034,178.169,5.2792,5.6798,8.9233,185.1563,31.0612,21.0358,4.5991,27.5844,3.4708,0.0,4.6193,118.2512,157.4364,210.3134,174.6362,145.2594,270.4708,102.6583,409.1429,682.9077,43.4515,2.8719,2.3965,0.2097,6.3897,17.2175,14.7981,160.4585,0.0,67.0391,0.0,4.4362,4.1323,0.0,16.1387,0.0306,3.7897,3.7198,0.5093,7.6651,1.4871,3.1027,11.5631,0.1096,0.0078,0.0026,7.116,0.9111,403.122,74.084,0.471,16.34,1.15,0.1979,7.4279,0.4789,54.4417,4.0671,1.5298,0.9449,0.0789,0.0226,8.3522,250.698,0.6402,7.38,0.0806,2.7719,0.0325,2.9438,12.591,529.4909,2.0437,10.66,0.3671,3.649,0.1111,2.0132,17.9606,0.4924,0.0111,0.0035,2.2577,0.0354,0.0146,0.0049,41.3226,,,,,,,,,,,,recipe_mix_change,EVID_BENIGN_DRIFT_RECIPE_MIX_CHANGE_001,1,0,,,,,,
SYNV2_00551,551,2026-04-02 22:00:00,TOOL_04,TOOL_04_CH_01,RCP_C,LOGIC,DAY,0,48,2026-04-04 22:00:00,0,none,none,0,train,SECOM_0550,2008-08-29 22:56:00,2961.59,2585.06,2167.2,1108.9456,1.4869,94.26,0.1249,1.4863,-0.0064,-0.0059,0.9696,194.8339,8.7108,418.4021,10.5934,0.9817,184.2405,12.448,1.4104,-6330.25,3084.0,-2143.25,1502.5,0.9838,1.8855,5.0565,67.6111,3.1111,0.2063,4.6416,85.5528,8.9546,50.458,64.1864,49.542,66.2016,86.9821,118.6376,78.38,1.831,348.5927,9.9925,137.6518,726.5601,1.0286,134.7582,621.0027,56.8818,4.598,4.87,2824.0,0.9338,0.944,4.5389,-1.7982,350.8618,10.3683,115.8536,9.7697,21.7982,25.6366,700.9235,1.1234,145.8109,612.5264,103.4198,0.0,-0.0239,-0.0387,0.0263,0.0007,0.001,-0.1103,-0.0025,0.0093,6.8873,0.1385,2.3802,0.9884,1679.6377,0.1651,7788.46,-0.0099,-0.0001,0.0003,-0.0001,0.0,0.0674,0.3383,0.1395,-0.0007,0.0002,0.0147,-0.0174,-0.0019,0.0001,-0.0003,-0.0446,-0.0528,0.4568,0.9485,0.0,638.4671,0.9912,56.956,0.5907,0.9789,6.0053,15.87,4.563,15.96,15.91,1.541,2.51,0.6567,2.89,0.0,0.7717,0.9946,2.2965,1001.3796,36.7896,232.0,234.9,203.7,68.1001,1245.613,0.148,12.33,0.0046,0.0927,0.0488,0.0315,0.0091,7.0713,4.94,11.693,0.3872,0.004,6.7187,0.33,0.0309,339.0,605.0,7976.0,17.0,0.119,0.084,0.199,2.9,0.7,0.079,0.1,0.76,0.0593,0.4036,0.6347,0.4036,0.6944,0.2679,0.141,15.51,0.96,9.26,30.03,0.1062,6.0,19.0,21.695,0.291,7.8,17.56,0.343,13.59,19.31,7.8,9.175,38.72,0.1231,7.05,0.0,23.26,66.925,0.0,0.0497,0.0371,0.1252,0.2517,0.0552,0.1064,0.1478,0.1041,5.1939,0.0029,0.0358,0.0014,124.1143,0.0434,475.0996,0.02,0.0568,0.0056,0.0042,0.0484,0.02,0.0,52.4576,0.0006,1.9674,0.0326,0.0025,0.5802,0.039,31.776,3.6498,38.9095,87.798,84.1782,23.4755,401.8832,0.0598,4.4515,0.0014,0.0322,0.0135,0.01,0.0029,2.2658,1.3479,3.4307,0.115,0.0014,2.1851,0.0877,0.0102,158.79,266.0464,3293.0013,7.4162,0.0503,0.0378,0.083,1.1005,0.2369,0.0306,0.0295,0.3021,0.0227,0.153,0.2297,0.153,0.2787,0.1049,0.0629,4.7883,0.2648,3.0068,9.411,0.036,2.233,5.5976,6.8169,0.0932,2.7912,5.5143,0.1006,4.1279,9.2019,2.7912,3.5624,12.2461,0.0416,2.4282,0.0,6.6419,23.7565,0.0,0.0162,0.0156,0.0565,0.1107,0.0118,0.0548,0.0691,0.0462,1.9972,0.0009,0.0129,0.0005,41.3583,0.0137,175.3255,0.0055,0.0125,0.0037,0.0104,0.0018,0.0015,0.0172,0.0073,0.0,18.6322,0.0002,0.6201,0.0115,0.0009,0.1911,0.0119,12.0637,1.1609,10.5012,7.9316,7.8799,3.1423,112.3241,9.9562,13.0808,3.6815,6.237,763.9922,535.6004,0.9406,3.6294,56.7111,2.7947,3.6552,0.4091,3.6467,2.651,2.1929,5.3552,19.6174,372.1451,1.1314,12.0966,4.4551,3.9355,4.2892,22.5,38.2876,2.1545,0.8883,0.6623,0.7999,0.9888,0.8147,1.0489,0.308,0.1188,4.4493,9.6072,6.7271,4.1332,10.3215,4.4524,3.0596,38.1405,6.4112,433.7715,5.0048,3.3082,11.7303,197.6519,35.7828,35.7889,5.5241,10.9616,4.835,0.0,3.7974,64.712,208.0586,95.8037,475.5935,0.0,0.0,96.4861,0.0,0.0,75.4123,2.0935,1.5059,0.1446,7.3893,26.2718,6.1,0.0,0.0,32.1377,224.0,10.6014,2.1087,0.0,8.2162,0.0592,3.4543,5.5169,0.2516,9.6609,1.6967,3.1732,9.9207,0.1096,0.0078,0.0026,7.116,1.2896,405.456,74.72,1.232,14.54,1.31,0.503,7.1828,0.5968,95.5325,3.5861,1.7532,0.9799,0.4397,0.0728,44.8745,249.146,0.6073,4.28,0.1141,1.7605,0.0439,1.7179,18.7865,534.1364,2.3033,9.14,0.3106,3.2821,0.0985,1.7112,13.4839,0.4953,0.017,0.0039,3.4408,0.0335,0.0122,0.004,36.297,,,,,,,,,,,,recipe_mix_change,EVID_BENIGN_DRIFT_RECIPE_MIX_CHANGE_001,1,0,,,,,,
SYNV2_00554,554,2026-04-03 10:00:00,TOOL_04,TOOL_04_CH_01,RCP_C,LOGIC,SWING,0,48,2026-04-05 10:00:00,0,none,none,0,train,SECOM_0553,2008-08-30 00:57:00,3071.43,2370.72,2216.4778,1242.235,0.8379,105.1111,0.1233,1.4103,-0.0089,0.0061,0.9788,200.6603,7.2552,425.6299,9.8026,0.981,190.8577,12.4892,1.3854,-6475.5,3067.5,-5528.5,1349.75,0.9938,1.8847,5.1845,69.0889,2.8667,0.1959,4.6689,85.2601,8.5779,50.3893,64.1459,49.6107,66.183,86.6492,119.3278,13.83,5.019,354.7291,10.122,135.9009,731.9724,0.9287,139.2764,629.9064,116.1783,4.584,4.829,2858.0,0.9265,0.9493,4.5501,1.49,354.5527,10.4273,117.3909,10.4974,18.51,24.3465,707.6259,0.9173,148.8755,620.8191,96.7349,0.0,-0.0175,-0.0362,-0.0087,-0.0667,-0.0035,-0.0974,-0.0209,-0.0011,6.9937,0.1291,2.415,0.9894,1875.3806,0.1591,8630.7298,0.0536,0.0004,-0.0021,0.0,0.0,-0.0099,0.0849,0.0167,-0.0001,0.0,-0.0549,-0.01,-0.0002,-0.0003,0.0021,-0.1107,-0.0993,0.4565,0.9481,0.0,764.6541,0.9903,58.4683,0.61,0.9664,6.3956,15.92,4.92,15.96,15.96,1.399,2.471,0.7857,3.062,-0.0946,0.7436,0.9971,2.3063,1006.0844,39.14,110.0,208.5,227.9,53.3,180.863,0.2243,3.78,0.0043,0.1148,0.0526,0.0447,0.0053,5.9941,4.564,17.567,0.2945,0.0044,5.7057,0.36,0.0475,579.0,671.0,5355.0,275.0,0.133,0.087,0.245,2.7,0.5,0.064,0.158,0.8687,0.0754,0.3693,0.6137,0.3693,0.7476,0.2916,0.221,17.06,0.78,13.42,38.912,0.1297,7.01,23.14,24.761,0.55,7.2,18.58,0.26,10.0,16.92,7.2,5.906,33.984,0.1026,6.05,0.0,23.75,66.867,0.0,0.0612,0.0443,0.0428,0.0276,0.0522,0.0662,0.1037,0.0569,3.4533,0.0017,0.0404,0.0016,137.5809,0.0416,844.1001,0.0174,0.0147,0.005,0.004,0.0158,0.0241,0.0,90.6258,0.0011,3.3249,0.0218,0.0227,0.4251,0.0343,31.216,4.5258,28.0674,74.5673,64.5534,19.1529,66.5739,0.0786,1.2819,0.0011,0.0472,0.016,0.0141,0.0017,2.0371,1.2757,4.4853,0.0988,0.0015,1.9512,0.0884,0.0151,254.6743,308.4461,2445.5209,129.2372,0.0604,0.0373,0.117,0.8781,0.2,0.0264,0.053,0.3207,0.0304,0.1523,0.2243,0.1523,0.295,0.1053,0.083,5.3185,0.211,3.5958,11.2839,0.0384,2.2935,6.845,7.078,0.105,1.6543,6.1302,0.0834,2.5595,9.7803,1.6543,1.5486,10.4361,0.0386,2.161,0.0,7.2077,26.4579,0.0,0.0208,0.0197,0.0175,0.0116,0.015,0.0368,0.0514,0.0248,1.3516,0.0006,0.0132,0.0005,43.1682,0.0124,259.3762,0.005,0.0042,0.0033,0.0021,0.0016,0.0014,0.0042,0.0084,0.0,28.6069,0.0004,1.067,0.007,0.0078,0.1393,0.0112,10.5767,1.3543,4.7214,6.7884,9.6131,2.4047,14.5595,26.7732,3.5962,3.4864,8.1402,591.0112,727.5687,0.5466,2.9872,62.9068,4.1273,3.0046,0.4508,2.9895,2.8825,3.4307,8.9414,21.8745,96.8617,20.3741,13.3836,4.616,4.7256,3.908,17.4419,32.6716,3.3841,1.0189,0.879,0.7329,0.9567,0.7444,1.1296,0.3365,0.1852,4.8093,7.706,9.8748,5.316,13.963,5.0332,3.6736,21.3129,12.0877,483.2215,5.2404,2.4935,8.5185,161.1828,38.8979,24.2582,4.8025,11.1904,4.0638,0.0,3.8256,69.124,348.8422,122.2912,491.954,41.3483,0.0,67.9671,494.9881,0.0,49.3779,1.3169,1.6709,0.1635,7.3362,26.1645,9.7802,0.0,714.8936,50.2513,0.0,3.4565,2.5393,0.0,11.8519,0.1067,5.6866,3.5732,2.3442,6.6474,1.4871,3.1027,11.5631,0.1096,0.0078,0.0026,7.116,1.0123,405.82,78.606,1.2095,11.88,0.87,0.5155,5.6551,0.3438,119.4835,2.9274,1.1068,0.956,0.082,0.0215,8.5751,264.272,0.651,5.16,0.1195499999999999,2.15045,0.04865,1.9997,16.98835,533.5727,2.147,10.21,0.3167,3.4322,0.0923,1.9135,14.7511,0.4996,0.0127,0.0034,2.5374,0.0335,0.0122,0.004,36.297,,,,,,,,,,,,recipe_mix_change,EVID_BENIGN_DRIFT_RECIPE_MIX_CHANGE_001,1,0,,,,,,
SYNV2_00555,555,2026-04-03 14:00:00,TOOL_06,TOOL_06_CH_02,RCP_C,LOGIC,DAY,0,24,2026-04-04 14:00:00,0,none,none,0,test,SECOM_0554,2008-08-30 01:29:00,3026.87,2436.85,2163.8667,1106.0618,1.6273,100.8,0.1251,1.4862,0.0014,-0.0056,0.9781,194.5337,7.1662,415.7168,9.4058,0.9797,185.1278,12.508,1.3904,-5558.0,2830.0,-4952.25,-415.0,1.287,2.0195,7.3807,66.5222,2.4778,0.2158,3.4083,85.5528,8.9546,50.458,64.1864,49.542,66.2016,86.9821,118.6376,78.38,1.831,352.2264,9.905,127.3464,713.2858,1.0692,139.33,618.9027,49.9345,4.588,4.846,2820.0,0.9352,0.9468,4.5558,3.2491,348.9891,10.5308,110.5955,12.4782,16.7509,23.4873,689.7986,0.8567,146.84,606.4245,69.9023,0.0,0.0052,-0.0239,0.0316,-0.0148,-0.0106,-0.1094,-0.0245,0.0239,7.1416,0.1277,2.3616,0.9729,1821.9848,0.1883,9026.55,0.0084,0.0005,-0.007,0.0,0.0,-0.027,0.2062,0.0465,-0.0002,0.0001,0.0794,-0.0113,-0.0006,-0.0006,0.0069,0.0324,0.0138,0.4624,0.9478,0.0,783.251,0.9908,57.6354,0.6114,0.9787,6.4069,15.93,4.585,15.98,15.95,1.376,2.461,0.6903,2.92,-1.655,0.7591,0.9967,2.2937,1005.3318,42.9293,149.0,61.2,116.1,58.7,259.343,0.2145,6.54,0.0042,0.1004,0.0535,0.0412,0.0065,7.2936,3.458,14.583,0.7373,0.0049,6.5563,0.36,0.0495,400.0,292.0,5394.0,732.0,0.124,0.122,0.198,2.6,0.8,0.12,0.18,0.76,0.0593,0.4036,0.6347,0.4036,0.6944,0.2679,0.141,22.61,1.211,8.42,29.341,0.1758,5.81,27.76,22.888,0.364,4.32,16.15,0.358,7.36,21.94,4.32,3.394,32.633,0.4068,8.97,0.0,21.94,102.584,0.0,0.0953,0.0525,0.0849,0.0731,0.0787,0.0681,0.0795,0.0481,2.8988,0.002,0.0328,0.0025,120.9088,0.0337,896.0,0.0166,0.0142,0.0043,0.0038,0.0138,0.0115,0.0,78.5765,0.0008,2.2043,0.0187,0.0062,0.6479,0.0215,25.494,4.0608,36.9695,21.5442,36.7185,21.3152,82.1606,0.0722,2.318,0.0012,0.039,0.015,0.0118,0.0023,2.31,1.0908,4.2967,0.2284,0.0016,2.1247,0.0969,0.0148,202.3001,138.2703,2547.8987,328.0803,0.0507,0.0613,0.0827,0.951,0.2539,0.0359,0.0611,0.3021,0.0227,0.153,0.2297,0.153,0.2787,0.1049,0.0629,6.8121,0.4022,2.3621,8.7655,0.048,1.7989,7.4111,7.345,0.097,1.1225,5.8033,0.1248,2.2953,10.2343,1.1225,1.1856,9.6203,0.1072,3.297,0.0,6.2132,36.3149,0.0,0.0254,0.0223,0.0407,0.0306,0.018,0.0369,0.0375,0.0215,1.1416,0.0006,0.0128,0.001,44.847,0.0091,253.1117,0.0037,0.0042,0.002,0.0028,0.0015,0.0015,0.0046,0.0035,0.0,23.2022,0.0002,0.7406,0.007,0.0019,0.2046,0.0066,9.1571,1.2545,6.5728,2.0219,4.7643,2.7127,23.4474,13.1809,6.4881,3.3567,6.7555,0.0,738.1859,0.6691,3.7493,48.2544,3.5079,7.8392,0.4977,3.5415,2.8782,3.5608,7.1968,10.318,108.9202,176.3855,9.6348,6.0411,2.6827,3.9085,32.287,55.6128,5.2812,0.8883,0.6623,0.7999,0.9888,0.8147,1.0489,0.308,0.1188,6.4192,12.2262,6.6119,4.1135,16.4389,4.17,4.4854,45.836,7.9898,132.9603,4.6277,3.3996,6.6549,175.8273,25.7896,14.4505,4.7308,47.4867,6.1087,0.0,3.6179,146.7535,0.0,219.8953,269.0967,493.9189,738.9671,62.2629,324.4898,201.0449,40.5903,1.5664,1.3885,0.2563,6.6361,17.8996,9.9263,0.0,204.133,37.9691,608.0,2.9784,1.2097,0.0,10.0321,0.0799,3.8246,3.0618,0.6338,10.112,0.9382,2.5359,9.4593,0.1096,0.0078,0.0026,7.116,1.5096,403.132,79.988,1.2624,11.56,2.19,0.6315,5.2016,0.9125,83.6262,2.8675,2.7379,0.9772,0.0926,0.0236,9.4814,264.272,0.651,5.16,0.1195499999999999,2.15045,0.04865,1.9997,16.98835,533.7791,1.6068,9.31,0.2706,3.364,0.0782,1.7442,16.8414,0.5045,0.0212,0.0059,4.2023,0.0335,0.0122,0.004,36.297,,,,,,,,,,,,recipe_mix_change,EVID_BENIGN_DRIFT_RECIPE_MIX_CHANGE_001,1,0,,,,,,
SYNV2_00557,557,2026-04-03 22:00:00,TOOL_02,TOOL_02_CH_01,RCP_C,MEMORY,NIGHT,0,48,2026-04-05 22:00:00,0,none,none,0,train,SECOM_0556,2008-08-30 02:22:00,2923.26,2548.34,2216.4778,1242.235,0.8379,105.1111,0.1233,1.587,-0.0191,0.0064,0.9668,200.2693,10.4684,413.349,9.6348,0.9789,190.6345,12.4849,1.4062,-5630.75,3050.5,-4901.75,11034.75,1.3068,1.9838,7.4213,65.2,0.7111,0.0372,3.5219,85.8807,9.754,50.2775,63.9959,49.7225,66.5687,87.1954,118.0116,65.11,3.462,353.6882,10.104,136.9836,734.0079,1.3916,143.1873,633.8591,197.9676,4.587,4.831,2856.0,0.927,0.9495,4.5556,0.2536,352.9909,10.4539,117.2373,15.8009,19.7464,28.3785,705.6295,0.9113,147.83,618.0582,95.9877,0.0,-0.0023,-0.0448,-0.0095,-0.0509,0.0261,-0.0802,-0.0139,-0.0085,7.341,0.1342,2.4345,0.9812,1739.3732,0.2033,9141.3299,0.057,-0.0028,-0.0003,0.0,0.0,0.0607,-0.1176,-0.0651,0.0,-0.0001,0.024,-0.0126,0.0009,0.0029,0.0002,-0.1793,-0.0735,0.4633,0.9301,0.0007,773.3142,0.9909,58.3607,0.6009,0.9759,6.3499,15.92,4.92,15.96,15.96,1.399,2.471,0.7857,3.062,-0.0946,0.7436,0.9971,2.3063,1006.0844,39.14,150.0,75.7,74.7,53.3,180.863,0.2243,3.78,0.0043,0.0639,0.0326,0.0577,0.0117,9.5523,6.374,3.866,0.4394,0.0063,9.1457,0.3,0.0232,300.0,354.0,6120.0,14342.0,0.067,0.045,0.116,3.9,1.7,0.09,0.623,0.4955,0.0807,0.3767,0.5871,0.3767,0.9365,0.2261,0.166,18.34,0.67,14.02,37.631,0.1189,11.17,19.14,60.335,0.271,6.89,17.69,0.312,8.22,18.51,6.89,6.337,31.294,0.17,8.49,0.0,18.51,89.205,0.0,0.0938,0.0416,0.0387,0.0154,0.108,0.0803,0.0856,0.0566,4.1343,0.0032,0.0568,0.0102,85.0316,0.1041,1023.7998,0.0199,0.0163,0.0087,0.0056,0.0157,0.0552,0.0068,116.9719,0.001,2.5138,0.0251,0.0033,0.563,0.0343,31.216,4.5258,40.2363,25.4912,25.3304,19.1529,66.5739,0.0786,1.2819,0.0011,0.0221,0.0092,0.016,0.0041,3.3278,2.3301,1.151,0.129,0.0021,3.2087,0.0849,0.0084,127.4765,171.9486,2986.7497,6547.8735,0.0293,0.02,0.0487,1.0559,0.7149,0.034,0.1861,0.2118,0.0379,0.147,0.222,0.147,0.358,0.1003,0.0648,5.0449,0.207,3.7642,11.0746,0.0364,3.1026,5.8897,15.0319,0.0848,1.7943,5.8989,0.0865,2.4254,9.0601,1.7943,1.835,10.1299,0.0473,2.5919,0.0,5.844,26.877,0.0,0.0257,0.0177,0.0184,0.0078,0.0305,0.0358,0.0418,0.0241,1.4038,0.0008,0.0164,0.0029,26.5595,0.0306,307.9922,0.0065,0.0042,0.0022,0.0031,0.0025,0.0016,0.005,0.0168,0.0021,33.3992,0.0004,0.6542,0.0082,0.001,0.1827,0.0112,10.5767,1.3543,6.3582,2.5896,2.9313,2.4047,14.5595,26.7732,3.5962,3.4864,4.0265,170.2906,898.0545,1.2137,4.7697,60.8882,0.9353,4.5602,0.6415,4.7975,2.4029,1.6498,5.3279,11.6047,124.8534,129.9712,5.1272,2.2684,1.5631,5.9816,239.0625,241.791,17.6894,0.577,0.8274,0.7492,0.9174,0.7576,1.4068,0.2593,0.1407,5.1854,6.631,10.2348,5.1268,8.5405,7.801,3.0196,30.4772,5.9487,0.0,5.0115,2.9845,7.0114,117.1451,34.8925,22.3303,4.4349,18.659,5.7431,0.0,2.9949,92.9338,0.0,92.8571,407.3684,30.2405,414.4879,100.1247,614.7217,663.9296,56.3176,2.3853,2.3343,1.039,4.8886,51.1943,11.1997,699.7802,0.0,69.1162,640.0,3.3868,5.9314,0.0,15.1261,0.1006,4.3074,4.1847,0.3345,8.8665,1.4871,3.1027,11.5631,0.1096,0.0078,0.0026,7.116,0.9111,403.122,74.084,0.471,16.34,1.15,0.1979,7.4279,0.4789,54.4417,4.0671,1.5298,0.964,0.2003,0.0413,20.7785,264.272,0.651,5.16,0.1195499999999999,2.15045,0.04865,1.9997,16.98835,532.1109,2.0349,9.49,0.2684,3.3041,0.0757,1.7835,13.1891,0.4955,0.0088,0.0028,1.774,0.0335,0.0122,0.004,36.297,,,,,,,,,,,,recipe_mix_change,EVID_BENIGN_DRIFT_RECIPE_MIX_CHANGE_001,1,0,,,,,,
SYNV2_00558,558,2026-04-04 02:00:00,TOOL_02,TOOL_02_CH_01,RCP_C,MIXED_SIGNAL,NIGHT,0,48,2026-04-06 02:00:00,0,none,none,0,train,SECOM_0557,2008-08-30 02:32:00,2967.53,2545.77,2155.6333,1070.0439,0.8024,101.4333,0.1241,1.5267,0.0228,0.0068,0.9715,199.386,9.6348,419.3355,9.4583,0.9744,189.9278,12.5351,1.4006,-5473.25,2589.25,417.0,-3844.6667,1.3153,2.0035,7.372,68.6,2.1222,0.1899,3.4189,85.1669,8.3324,50.4421,64.154,49.5579,66.2381,86.8346,118.4616,77.63,3.385,359.8564,9.9199,144.4655,749.0093,0.8981,134.83,639.1518,127.2692,4.643,4.857,2852.0,0.9236,0.9558,4.4987,-0.7036,362.2455,10.087,123.7618,8.4078,20.7036,26.841,722.1683,0.9847,146.0609,632.0682,78.0255,0.0,-0.0168,-0.0558,-0.0223,-0.1009,0.0124,-0.0723,-0.0202,-0.0295,8.0846,0.1373,2.4694,0.9904,1788.815,0.1721,8605.28,-0.0723,-0.0053,-0.0002,0.0003,0.0003,-0.4489,0.9138,0.0521,0.0,0.0004,-0.0173,-0.012,-0.0007,0.0054,0.0002,-0.2867,-0.1271,0.4701,0.9763,0.0,731.9925,0.9905,58.1742,0.6092,0.9655,6.3727,15.92,4.567,15.99,15.99,1.338,2.803,0.6982,3.019,0.2365,0.7287,0.9959,2.2728,1008.7232,39.0136,81.0,61.3,89.1,55.2,330.043,0.1043,7.38,0.0033,0.0825,0.0572,0.0493,0.0146,10.7803,5.121,3.621,0.5195,0.0099,10.2608,0.26,0.0534,307.0,300.0,16468.0,6072.0,0.053,0.109,0.175,1.9,1.5,0.164,0.393,0.9912,0.2526,0.2366,0.5231,0.2366,0.7471,0.2097,0.289,19.21,0.625,11.69,36.772,0.1223,10.54,21.78,31.296,0.252,6.92,10.61,1.011,12.18,19.06,6.92,7.103,37.126,0.397,7.11,0.0,24.73,147.348,0.0,0.0772,0.1015,0.0172,0.0395,0.055,0.0631,0.0693,0.0415,2.423,0.0087,0.0445,0.0009,132.3302,0.0416,1226.8999,0.0545,0.0212,0.0047,0.0057,0.0798,0.0082,0.0,130.6542,0.0008,1.9631,0.0234,0.02,0.4206,0.0322,30.558,5.223,22.7229,19.4421,28.4559,20.3445,116.5224,0.0379,2.2388,0.001,0.032,0.0173,0.0158,0.0049,3.4331,1.6541,1.1913,0.1572,0.0032,3.3048,0.0787,0.0209,132.7137,122.7772,7971.4689,3261.07,0.0249,0.051,0.0772,0.7018,0.538,0.0545,0.1245,0.3511,0.1041,0.1036,0.1928,0.1036,0.3089,0.0919,0.1154,5.5866,0.2142,3.0988,10.9962,0.0316,2.919,6.6613,9.2011,0.0806,2.2379,3.7569,0.3113,3.8333,8.8965,2.2379,2.3503,11.3837,0.1197,2.4426,0.0,7.5694,42.4725,0.0,0.0251,0.0487,0.007,0.0171,0.0139,0.0319,0.0371,0.0235,0.9043,0.0025,0.0142,0.0003,42.8612,0.0167,350.8352,0.0125,0.0059,0.0086,0.0055,0.0015,0.0021,0.0198,0.0024,0.0,37.3043,0.0003,0.691,0.0074,0.0059,0.1427,0.0106,11.6371,1.8206,3.6701,2.0657,3.4999,2.5607,30.8439,13.004,7.2757,2.6581,5.4038,251.4286,728.3472,1.5064,5.4067,53.151,0.8635,5.4929,1.0179,5.4025,2.0742,3.8105,5.6091,11.5864,0.0,157.9331,4.0297,5.4405,2.3738,2.7697,70.6806,86.3663,11.495,1.1638,3.032,0.4691,0.8154,0.4774,1.1279,0.2415,0.244,5.3382,6.3005,8.0919,4.9094,13.6217,7.8172,3.4076,24.5904,5.6016,983.4625,2.9289,10.0228,9.8415,226.6942,33.4241,26.4632,5.1409,40.3194,4.8678,0.0,3.9126,188.8458,459.0115,182.0628,77.2166,39.1671,443.996,87.3054,342.2222,140.9168,29.9704,6.3632,1.8035,0.0883,7.3976,24.1927,14.2575,0.0,0.0,39.2894,814.2857,16.9746,0.8445,0.0,17.8491,0.0793,3.3745,3.8461,2.0727,6.6006,1.4182,3.0294,13.3877,0.1096,0.0078,0.0026,7.116,0.7409,399.692,74.25,0.2395,14.59,0.47,0.1089,6.7742,0.1823,32.3307,3.6503,0.633,0.9721,0.4442,0.0758,45.6897,264.272,0.651,5.16,0.1195499999999999,2.15045,0.04865,1.9997,16.98835,589.5082,2.0367,452.54,0.6724,138.2373,0.2255,76.7657,33.0129,0.5019,0.0124,0.0031,2.4606,0.0335,0.0122,0.004,36.297,,,,,,,,,,,,recipe_mix_change,EVID_BENIGN_DRIFT_RECIPE_MIX_CHANGE_001,1,0,,,,,,
SYNV2_00559,559,2026-04-04 06:00:00,TOOL_03,TOOL_03_CH_01,RCP_C,MIXED_SIGNAL,SWING,0,48,2026-04-06 06:00:00,0,none,none,0,train,SECOM_0558,2008-08-30 02:39:00,2996.16,2449.26,2180.7,1159.3838,1.0177,98.9367,0.1222,1.4616,-0.01,0.0037,0.9583,199.3767,8.4764,400.0975,10.725,0.9739,188.6517,12.5227,1.409,-5611.5,2770.25,-3734.6667,-2479.5,1.3155,2.0005,7.348,66.0,2.2333,0.1888,3.342,84.7226,8.9635,50.5609,64.2798,49.4391,66.2774,86.9622,118.5886,77.84,3.243,360.0355,9.9385,139.8255,742.7117,0.9261,138.0236,637.8845,125.8539,4.659,4.911,2848.0,0.928,0.9487,4.5337,3.73,360.4655,10.2115,123.5555,12.2001,16.27,20.899,721.8127,1.0201,144.3464,628.3673,55.2647,0.0,-0.0173,-0.0584,0.0007,-0.0935,0.0213,-0.086,-0.0046,-0.0326,7.5661,0.1306,2.3988,0.9915,1800.4917,0.1561,8328.6299,0.029,0.0007,0.0063,-0.0002,0.0,0.2729,-0.3516,-0.0112,-0.0003,-0.0002,0.0338,-0.011,0.0001,-0.0007,-0.0064,0.1123,-0.0475,0.458,0.9563,0.0,645.7231,0.9912,59.1681,0.6002,0.9751,6.2531,15.95,4.41,16.01,15.97,1.447,2.875,0.6809,3.118,-0.5204,0.7232,0.9961,2.2771,1007.4808,38.3809,125.0,138.6,202.4,45.7,442.248,0.2324,8.7,0.0049,0.1143,0.0546,0.0444,0.0192,10.574,2.825,14.801,0.3803,0.0098,10.2281,0.28,0.0463,661.0,556.0,126.0,2896.0,0.249,0.099,0.174,2.1,1.2,0.14,0.624,0.6475,0.072,0.2169,0.5249,0.2169,0.7847,0.2436,0.184,19.41,0.824,11.76,35.678,0.0633,10.52,25.7,18.411,0.224,6.47,14.05,1.491,11.9,10.06,6.47,6.441,37.814,0.6379,13.27,0.0,20.41,112.652,0.0,0.0491,0.0435,0.0708,0.0404,0.0542,0.1033,0.0644,0.0455,3.3629,0.0105,0.0851,0.0012,148.652,0.0339,623.7002,0.0235,0.0136,0.0023,0.0041,0.0161,0.0212,0.0,72.2847,0.0006,2.9644,0.0264,0.0041,0.4438,0.0413,31.723,2.7649,33.1282,53.1489,69.2086,18.9786,125.7819,0.0708,2.5498,0.0015,0.0349,0.0136,0.0137,0.0066,3.3469,0.7579,5.2846,0.1125,0.0033,3.2769,0.0695,0.0174,297.0617,241.7387,64.0495,1198.2767,0.104,0.0435,0.0799,0.7681,0.3873,0.044,0.1847,0.261,0.0274,0.0901,0.2068,0.0901,0.3216,0.1076,0.0825,6.7593,0.2849,3.3691,11.1104,0.0206,3.3227,7.4496,7.1298,0.0775,1.7411,4.3927,0.407,3.8601,10.3402,1.7411,1.5776,10.9272,0.1763,4.1505,0.0,6.8039,30.4611,0.0,0.0147,0.0182,0.0331,0.0217,0.0141,0.0557,0.0293,0.0211,1.1761,0.003,0.0265,0.0003,49.1085,0.0119,233.201,0.0055,0.0035,0.0048,0.0023,0.001,0.0014,0.0054,0.0059,0.0,23.6225,0.0002,0.7775,0.0094,0.0012,0.1472,0.0135,11.4372,0.8707,5.6721,4.6259,8.2637,2.0957,38.1451,22.8359,8.7935,4.0107,7.8203,543.2836,0.0,2.0029,5.3035,33.328,3.6993,3.5458,1.0107,5.4217,2.2359,3.2838,11.7794,20.0704,3.3738,116.7977,18.9282,4.9488,2.368,3.1818,53.7313,74.1613,18.6715,0.7643,0.8028,0.429,0.8166,0.4387,1.184,0.2801,0.1552,5.3911,8.2909,8.4105,4.8037,6.8373,7.6219,4.0289,14.6289,4.9408,173.4584,3.8977,14.6011,9.6313,82.4586,39.7664,30.8196,5.2388,62.5341,9.1932,0.0,3.2481,203.8407,283.3033,74.4863,0.0,43.2201,254.0873,120.0814,0.0,139.3568,44.4465,8.0405,3.5477,0.118,8.2562,21.7002,7.4886,0.0,214.5957,20.9567,0.0,3.5156,2.221,0.0,11.1944,0.0558,5.0102,4.3975,0.419,7.0973,1.8115,3.1487,7.2038,0.1096,0.0078,0.0026,7.116,0.8613,400.742,81.548,0.3647,17.49,1.61,0.1702,8.4276,0.7135,42.3374,4.3644,1.9743,0.9446,0.3259,0.0726,34.4987,264.272,0.651,5.16,0.1195499999999999,2.15045,0.04865,1.9997,16.98835,536.2118,1.9617,9.64,0.3201,3.3571,0.0883,1.7978,16.3179,0.5033,0.0132,0.0039,2.6314,0.0335,0.0122,0.004,36.297,,,,,,,,,,,,recipe_mix_change,EVID_BENIGN_DRIFT_RECIPE_MIX_CHANGE_001,1,0,,,,,,
SYNV2_00560,560,2026-04-04 10:00:00,TOOL_04,TOOL_04_CH_02,RCP_C,LOGIC,DAY,0,24,2026-04-05 10:00:00,0,none,none,0,train,SECOM_0559,2008-08-30 02:50:00,3072.99,2471.62,2126.6555,1015.077,1.4381,102.4733,0.1255,1.5006,-0.0321,-0.0087,0.9698,197.3168,10.9411,406.7105,9.4798,0.9736,187.837,12.5351,1.4005,-6382.5,2995.75,-3447.0,1495.75,0.9755,1.881,5.0473,68.8,1.9444,0.1397,4.6367,83.6359,9.7836,50.2716,64.1163,49.7284,66.5667,87.2,117.9252,66.12,3.242,360.4636,9.8767,146.1582,751.6531,0.8908,134.9173,641.5391,121.8364,4.643,4.857,2852.0,0.9236,0.9558,4.4987,-0.4173,361.2082,10.127,125.7409,11.4469,20.4173,27.1259,724.5272,0.9373,145.7555,632.7045,71.7535,0.0,0.0109,-0.0815,0.0159,-0.0869,-0.0104,-0.0964,-0.0081,-0.0024,6.7418,0.1385,2.3802,0.9871,1763.0268,0.1872,9137.5001,-0.0346,0.0008,0.0022,0.0001,0.0001,-0.1597,0.233,-0.0512,0.0001,0.0001,0.0161,-0.0108,0.0007,-0.0008,-0.0022,-0.0415,0.0011,0.4633,0.9424,0.0,778.3407,0.9914,58.2714,0.6,0.9772,6.3482,15.92,4.92,15.96,15.96,1.399,2.471,0.7857,3.062,-0.0946,0.7436,0.9971,2.3063,1006.0844,39.14,86.0,160.3,137.4,55.0999,252.0059,0.1443,7.39,0.0042,0.1088,0.0738,0.0449,0.0156,11.0911,6.65,14.211,0.825,0.011,10.3517,0.26,0.0568,531.0,655.0,357.0,153.0,0.127,0.093,0.181,2.7,0.7,0.068,0.098,0.5844,0.0617,0.3105,0.5844,0.3105,0.7618,0.2439,0.192,22.45,0.758,14.11,37.374,0.1121,12.63,23.48,25.977,0.252,4.64,22.15,1.216,14.09,20.16,4.64,6.18,39.539,0.2166,14.48,0.0,26.11,95.869,0.0,0.09,0.0435,0.0773,0.0682,0.0503,0.0616,0.1108,0.0563,4.7725,0.0029,0.0358,0.0023,124.1927,0.0413,805.9004,0.012,0.0084,0.0037,0.0028,0.0175,0.0245,0.0,80.1763,0.0004,2.6445,0.0214,0.0055,0.5906,0.0343,31.216,4.5258,22.9356,56.2574,50.4749,20.1685,84.2543,0.0475,2.6595,0.0013,0.0372,0.0196,0.0114,0.0053,3.3832,2.2186,3.58,0.2416,0.0035,3.1875,0.0787,0.0214,234.9503,273.4476,179.2568,67.2774,0.0519,0.0383,0.0808,0.8322,0.2297,0.0219,0.0336,0.2303,0.0313,0.122,0.2497,0.122,0.2973,0.1059,0.0821,7.353,0.2506,3.6235,11.4628,0.0334,4.0338,6.978,8.6456,0.0806,1.3416,6.3193,0.3854,4.0775,11.1841,1.3416,1.721,11.9241,0.0862,4.4533,0.0,8.1134,29.0347,0.0,0.0254,0.0197,0.0326,0.0295,0.0133,0.0306,0.0488,0.0276,1.9053,0.0009,0.0129,0.0009,42.0521,0.0112,213.809,0.0038,0.0026,0.0035,0.0019,0.0013,0.0011,0.0053,0.0072,0.0,20.34,0.0002,0.6938,0.0085,0.0016,0.187,0.0112,10.5767,1.3543,3.808,5.2164,5.5591,2.5909,24.8263,10.0314,7.2116,3.3457,7.2507,229.6829,518.7004,1.6039,5.6209,60.7801,3.4941,8.7022,1.1263,5.511,2.0742,4.0577,8.3196,21.8643,10.3568,10.229,13.019,4.9442,3.5861,3.9244,36.0,48.6874,2.1136,0.6987,0.6306,0.6176,0.9115,0.6244,1.1444,0.2797,0.1628,6.2281,7.6746,9.6539,4.9722,12.5851,9.3613,3.6599,21.3212,5.6016,0.0,6.1322,12.0075,11.2056,176.118,22.7259,22.7827,5.4572,23.1128,9.9344,0.0,4.1267,133.6089,821.9178,53.3579,486.9291,78.4584,485.4041,63.9004,0.0,0.0,70.7899,2.0935,1.5059,0.2348,7.0443,22.0691,8.8197,0.0,380.7365,34.1801,407.2727,3.7746,2.5987,0.0,10.3009,0.0451,4.5383,3.5699,0.563,9.303,1.4871,3.1027,11.5631,0.1096,0.0078,0.0026,7.116,1.2197,409.156,75.02,1.1083,17.83,0.4,0.4324,8.6858,0.1548,90.864,4.3577,0.5332,0.9425,0.163,0.0336,17.2927,264.906,0.852,4.43,0.1641,2.1123,0.071,1.6723,19.2648,536.15,1.9941,8.78,0.3613,3.2879,0.099,1.6376,18.1211,0.505,0.0174,0.0042,3.4384,0.0335,0.0122,0.004,36.297,,,,,,,,,,,,recipe_mix_change,EVID_BENIGN_DRIFT_RECIPE_MIX_CHANGE_001,1,0,,,,,,
SYNV2_00563,563,2026-04-04 22:00:00,TOOL_03,TOOL_03_CH_01,RCP_C,MIXED_SIGNAL,NIGHT,0,48,2026-04-06 22:00:00,0,none,none,0,train,SECOM_0562,2008-08-30 04:24:00,2979.95,2518.44,2164.3,1031.4032,1.3626,102.1322,0.1242,1.4899,0.0005,0.0055,0.9676,199.7459,9.27,426.9702,10.0094,0.9813,189.7365,12.4824,1.4088,-6477.0,2917.25,-4518.75,1277.0,0.9935,1.8925,5.18,70.2222,2.7,0.1813,4.68,84.7348,8.6706,49.9566,64.5635,50.0434,65.8977,86.8967,118.1992,77.84,3.515,350.4273,10.2538,137.3291,735.4157,0.8866,144.6427,632.3991,113.8125,4.632,4.856,2867.0,0.9357,0.9537,4.5829,-2.6655,352.5,10.5644,114.6636,12.7551,22.6655,28.1985,707.2173,0.9145,153.8045,620.9682,111.2536,0.0,0.0084,-0.0584,-0.0085,-0.0713,-0.0119,-0.0998,-0.0154,-0.0122,7.8686,0.1322,2.4504,0.9893,1697.1242,0.1978,8884.93,-0.0542,0.0048,0.0008,0.0001,0.0001,-0.1386,0.0411,0.0102,0.0004,0.0,-0.0754,-0.009,-0.0001,-0.0048,-0.0008,0.0179,0.0135,0.4741,0.9194,0.0,754.1953,0.9914,59.4602,0.5992,0.9756,6.2276,15.91,3.193,15.96,15.95,1.04,2.662,0.5172,3.093,0.3311,0.7884,0.9969,2.3378,1008.7769,43.0959,105.0,98.2,25.2,45.7002,230.117,0.1287,6.83,0.0043,0.1592,0.0306,0.0383,0.0112,9.5853,3.779,10.851,1.1795,0.005,8.533,0.28,0.0887,240.0,392.0,3810.0,103.0,0.094,0.072,0.06,3.9,0.7,0.078,0.109,0.4945,0.0975,0.4189,0.5131,0.4189,0.7879,0.0735,1.123,18.17,0.381,7.33,22.049,0.0741,6.97,13.16,14.271,0.412,7.37,21.11,0.24,4.6,14.42,7.37,12.517,32.856,0.1337,8.51,0.0,23.09,77.806,0.0,0.0619,0.0527,0.075,0.0507,0.0464,0.1045,0.0972,0.0379,3.1904,0.0025,0.0348,0.0018,72.6282,0.0292,435.1006,0.015,0.0154,0.0065,0.0065,0.0876,0.0172,0.0,54.4973,0.0006,1.9177,0.0277,0.0054,0.608,0.0304,25.375,3.5779,24.3936,31.4096,8.6211,17.463,86.4589,0.0401,2.5113,0.0012,0.0495,0.0105,0.0112,0.0037,3.0158,1.0905,3.3213,0.3226,0.0017,2.746,0.0821,0.0337,99.1195,170.2731,1648.3522,44.4447,0.0418,0.0325,0.0289,1.1956,0.2345,0.0262,0.0331,0.2281,0.0386,0.1608,0.1863,0.1608,0.2996,0.034,0.457,6.3086,0.1285,2.3232,6.5051,0.0215,2.2578,3.9053,5.6664,0.0764,2.5659,6.0995,0.0671,1.295,7.7002,2.5659,3.8444,9.3135,0.0418,2.2718,0.0,6.0978,23.5062,0.0,0.0144,0.0242,0.0314,0.0213,0.0123,0.0515,0.0507,0.0161,0.9412,0.0008,0.0125,0.0005,21.4212,0.0099,145.1191,0.0046,0.0042,0.0022,0.0023,0.0023,0.0022,0.0224,0.0058,0.0,16.7571,0.0002,0.5687,0.0088,0.0018,0.2011,0.0111,10.5761,1.1475,4.7309,3.2954,1.0006,2.1115,22.3111,9.4461,6.6874,3.4632,10.6851,0.0,701.1442,1.1577,4.7988,40.7659,2.5414,11.7842,0.5141,4.4973,2.2431,6.2988,3.7054,13.4373,84.3154,8.0658,9.4615,3.8045,1.1583,5.5538,25.9259,43.0147,2.3291,0.5836,1.1239,0.8385,0.7947,0.8371,1.1956,0.0846,0.9501,5.1851,3.7157,5.3375,2.9982,8.3588,4.8188,2.081,12.5391,8.9899,276.5007,5.9886,2.2718,4.0117,113.0528,32.5164,44.3888,4.6458,14.6192,5.533,0.0,3.7184,69.9357,734.1735,90.3171,879.7654,71.108,388.8947,104.7357,632.1951,310.0204,40.5457,1.9075,1.4208,0.1811,4.2795,14.7521,4.8971,313.3159,0.0,72.2222,0.0,18.4647,1.8716,0.0,7.2259,0.0619,3.2251,4.6168,0.5499,9.7636,1.3018,2.5154,8.3022,0.1096,0.0078,0.0026,7.116,1.6454,388.906,79.222,0.3467,13.4,1.23,0.1385,6.5673,0.4706,21.0689,3.4456,1.5526,0.919,0.1361,0.0315,14.8109,252.85,0.7946,7.36,0.1041,2.6174,0.0423,2.9108,13.0993,532.5646,2.7395,13.35,1.138,4.0485,0.3883,2.5067,41.5401,0.5042,0.0141,0.0036,2.8005,0.0267,0.0134,0.0048,50.053,,,,,,,,,,,,recipe_mix_change,EVID_BENIGN_DRIFT_RECIPE_MIX_CHANGE_001,1,0,,,,,,
SYNV2_00564,564,2026-04-05 02:00:00,TOOL_02,TOOL_02_CH_01,RCP_C,MIXED_SIGNAL,DAY,0,48,2026-04-07 02:00:00,0,none,none,0,test,SECOM_0563,2008-08-30 04:55:00,2978.67,2559.32,2253.5111,1397.506,0.966,109.7611,0.121,1.5643,0.0263,-0.0021,0.9678,200.1374,9.2329,405.9453,10.4757,0.979,189.6617,12.5218,1.385,-5733.0,2627.0,-6820.5,5204.0,1.273,1.9952,7.2893,68.0,1.6222,0.1439,3.4512,84.7007,8.7283,49.884,63.9335,50.116,66.2469,86.6108,118.793,14.88,5.52,367.3891,9.5775,145.5818,755.882,1.2433,135.1936,648.1645,203.2663,4.67,4.931,2836.0,0.9217,0.9471,4.4937,-0.3455,369.5964,9.6327,125.2364,9.4727,20.3455,28.4793,727.4027,0.8869,143.8591,638.6918,71.3735,0.0,0.0125,-0.073,0.0265,-0.0372,0.0252,-0.0794,-0.0285,0.0442,6.7025,0.1274,2.3605,0.99,1769.8568,0.1967,8400.72,-0.1358,-0.0022,-0.0026,0.0004,0.0,-0.4906,1.3217,-0.0772,-0.0005,0.0006,0.027,-0.0146,0.001,0.0022,0.0025,-0.1054,-0.129,0.45,0.9307,0.0,712.0768,0.9905,58.5845,0.6055,0.9758,6.2756,15.92,4.567,15.99,15.99,1.338,2.803,0.6982,3.019,0.2365,0.7287,0.9959,2.2728,1008.7232,39.0136,132.0,123.4,69.9,70.4001,403.536,0.1905,6.64,0.0027,0.0604,0.0531,0.042,0.0107,7.5473,5.178,5.998,0.2832,0.005,7.4688,0.26,0.0489,1554.0,580.0,15572.0,2131.0,0.183,0.112,0.159,2.6,1.7,0.17,0.384,0.5116,0.0342,0.4111,0.7034,0.4111,0.6583,0.2202,1.005,16.91,0.257,9.31,31.468,0.1082,4.41,20.0,66.904,0.25,6.6,20.05,0.975,11.0,16.43,6.6,9.231,35.999,0.1555,21.58,0.0,16.43,41.656,0.0,0.1378,0.0429,0.0722,0.095,0.0901,0.0715,0.1101,0.104,4.3551,0.0025,0.0681,0.002,128.1581,0.0402,809.4004,0.0218,0.0252,0.0067,0.0057,0.0211,0.0283,0.0,87.5464,0.0011,3.9977,0.0308,0.0054,0.5183,0.0322,30.558,5.223,34.9484,41.5767,26.3716,21.1755,130.2914,0.0522,2.0978,0.0008,0.0232,0.016,0.0142,0.0037,2.9199,1.7232,1.585,0.0872,0.0018,2.89,0.0743,0.0152,646.8982,239.5245,7292.7594,1022.9321,0.0813,0.0525,0.0699,0.9721,0.4868,0.0663,0.1345,0.2085,0.0153,0.1701,0.2526,0.1701,0.2378,0.0919,0.4175,5.6345,0.0729,2.4404,9.1953,0.0361,1.2723,5.8483,19.4914,0.0855,2.1024,6.468,0.3542,3.019,10.9552,2.1024,2.8494,10.9004,0.0432,5.9046,0.0,5.6917,12.1323,0.0,0.0317,0.0203,0.0302,0.0401,0.0261,0.0361,0.0533,0.0534,1.3583,0.0008,0.0222,0.0006,41.057,0.0151,331.212,0.0056,0.0059,0.0065,0.0019,0.0023,0.002,0.0055,0.0104,0.0,31.6843,0.0003,1.2694,0.0106,0.0021,0.1717,0.0106,11.6371,1.8206,6.0338,4.1428,2.7312,3.124,28.8754,19.7192,6.0495,2.2308,3.861,202.1894,0.0,1.1075,3.7711,56.082,1.4775,2.7032,0.5152,3.938,2.0764,3.5298,27.1062,22.0784,228.3117,40.9493,14.3755,5.6133,2.1813,3.8235,104.7945,118.1467,11.1265,0.604,0.3919,0.8241,1.1002,0.8203,0.9937,0.2542,0.846,4.6028,2.6834,6.395,4.1631,8.6996,3.262,3.0856,32.9145,5.5634,0.0,5.4248,10.1217,8.7834,173.4462,32.4397,32.4131,4.949,17.5296,15.0008,0.0,2.5724,58.3634,0.0,58.7269,272.7101,255.3763,357.0084,90.0787,386.9947,235.4273,64.977,1.962,2.8844,0.2059,7.2412,20.4192,9.6349,993.7322,973.913,45.7338,549.3976,4.6806,3.0438,0.0,12.2945,0.1105,6.8237,5.0902,0.5525,8.2584,1.4182,3.0294,13.3877,0.1096,0.0078,0.0026,7.116,0.9111,403.122,74.084,0.471,16.34,1.15,0.1979,7.4279,0.4789,54.4417,4.0671,1.5298,0.9751,0.3212,0.0592,32.9353,264.272,0.651,5.16,0.1195499999999999,2.15045,0.04865,1.9997,16.98835,532.6046,2.11,9.92,0.1493,3.3781,0.0429,1.8625,7.0781,0.4985,0.0155,0.0038,3.1036,0.0184,0.0127,0.0037,68.7057,,,,,,,,,,,,recipe_mix_change,EVID_BENIGN_DRIFT_RECIPE_MIX_CHANGE_001,1,0,,,,,,
SYNV2_00565,565,2026-04-05 06:00:00,TOOL_01,TOOL_01_CH_01,RCP_C,MIXED_SIGNAL,SWING,0,24,2026-04-06 06:00:00,0,none,none,0,validation,SECOM_0564,2008-08-30 05:05:00,3108.5,2321.45,2162.8445,1312.3198,0.8286,100.3633,0.1242,1.3701,-0.0081,0.0013,0.9691,201.0986,7.0014,409.2618,9.6192,0.9744,191.4793,12.5031,1.407,-5242.25,3108.0,-4059.0,115.0,1.3167,2.0,7.421,68.5778,2.7111,0.1937,3.5462,85.513,8.7932,50.3159,64.0127,49.6841,66.1703,86.8489,118.9228,2.126,0.5441,352.2509,10.141,149.6,754.9506,0.8217,143.6209,645.4718,128.5811,4.61,4.852,2906.0,0.9276,0.9501,4.5784,-6.6055,355.8027,10.3885,122.9945,11.6909,26.6055,32.7516,722.199,1.0518,154.9836,633.7809,57.8782,0.0,0.01,-0.0427,-0.0152,-0.066,0.0038,-0.0807,-0.0098,-0.0133,5.8337,0.131,2.3958,0.985,1811.5779,0.1819,8622.7099,0.0977,0.0006,0.0,-0.0001,0.0,0.0935,-0.057,0.0019,-0.0002,0.0,-0.0088,-0.0103,0.0,-0.0006,0.0,0.0089,-0.044,0.4694,0.9494,0.0,735.6821,0.9903,57.7331,0.6075,0.9639,6.4464,15.93,4.585,15.98,15.95,1.376,2.461,0.6903,2.92,-1.655,0.7591,0.9967,2.2937,1005.3318,42.9293,141.0,166.0,200.3,58.8999,334.1429,0.0502,6.29,0.0036,0.0656,0.0768,0.0457,0.0093,7.4246,4.008,16.459,0.4898,0.0064,7.28,0.4,0.0187,533.0,1891.0,1915.0,760.0,0.133,0.093,0.276,2.3,1.5,0.139,0.523,0.6977,0.0637,0.214,0.4922,0.214,0.7596,0.2407,0.254,20.61,0.639,7.93,26.476,0.0837,3.54,22.06,18.117,0.204,7.14,20.07,0.375,7.71,21.47,7.14,9.071,30.665,0.691,9.31,0.0,21.47,73.231,0.0,0.0464,0.0539,0.0408,0.0144,0.0232,0.0959,0.0815,0.0494,7.5756,0.0019,0.0734,0.003,123.7551,0.0247,938.0996,0.0157,0.0122,0.0038,0.0057,0.0251,0.0227,0.0,93.4224,0.0009,2.8626,0.0275,0.0255,0.4406,0.0215,25.494,4.0608,36.8516,54.7118,72.9768,21.6792,131.3065,0.0186,2.1735,0.0011,0.0234,0.0186,0.0131,0.0033,2.2546,1.7537,5.6267,0.1389,0.0022,2.1912,0.0969,0.0069,221.4895,876.7147,945.0887,312.8493,0.0595,0.0439,0.1218,0.7949,0.454,0.0536,0.1659,0.278,0.0247,0.0908,0.1972,0.0908,0.2887,0.0995,0.104,6.7536,0.1796,2.6859,7.6267,0.0208,0.9453,6.5655,6.2742,0.0643,2.6941,5.7286,0.0991,2.0407,9.4369,2.6941,3.0056,9.5394,0.196,2.9948,0.0,6.7677,25.359,0.0,0.0139,0.026,0.0192,0.0066,0.0074,0.0475,0.044,0.021,2.545,0.0007,0.0231,0.0011,45.9174,0.0069,329.2772,0.0039,0.0036,0.0028,0.0016,0.0016,0.002,0.0068,0.0068,0.0,34.2852,0.0003,1.016,0.0086,0.0091,0.1507,0.0066,9.1571,1.2545,6.2522,5.3402,8.6282,2.7233,25.462,6.0568,6.2672,2.8979,4.788,946.6872,0.0,0.9619,3.692,57.246,4.0216,5.0915,0.6557,3.802,3.1992,1.3297,10.1674,60.843,47.1791,660.8696,10.1006,4.65,3.7192,3.3539,55.3279,71.7728,14.7481,0.8159,0.724,0.4253,0.7689,0.4307,1.1479,0.2771,0.2136,5.8509,6.3012,5.3008,3.507,10.183,2.4648,3.4177,14.0899,4.4557,108.0925,5.6408,3.6097,6.2686,183.6471,26.8366,27.6963,4.2461,65.6944,6.0071,0.0,3.3876,126.5261,463.7102,126.1556,267.541,21.8017,615.5887,118.7984,835.8974,371.4286,129.8585,1.4499,3.0642,0.3053,6.8313,13.5661,10.8794,0.0,0.0,36.715,0.0,5.3428,2.3939,0.0,12.6987,0.087,4.9583,4.5264,2.642,6.8352,0.9382,2.5359,9.4593,0.1096,0.0078,0.0026,7.116,0.9111,403.122,74.084,0.471,16.34,1.15,0.1979,7.4279,0.4789,54.4417,4.0671,1.5298,0.964,0.2003,0.0413,20.7785,264.272,0.651,5.16,0.1195499999999999,2.15045,0.04865,1.9997,16.98835,529.8882,1.9955,8.88,0.2739,3.1371,0.0745,1.6758,13.7278,0.5022,0.0105,0.0028,2.1007,0.0184,0.0127,0.0037,68.7057,,,,,,,,,,,,recipe_mix_change,EVID_BENIGN_DRIFT_RECIPE_MIX_CHANGE_001,1,0,,,,,,
SYNV2_00566,566,2026-04-05 10:00:00,TOOL_06,TOOL_06_CH_02,RCP_C,LOGIC,SWING,0,48,2026-04-07 10:00:00,0,none,none,0,test,SECOM_0565,2008-08-30 05:05:00,3064.81,2538.43,2167.2,1108.9456,1.4869,94.26,0.1249,1.4866,0.0018,-0.0018,0.979,194.7933,8.7773,397.0927,9.8098,0.9794,184.9834,12.5094,1.4025,-5336.0,3553.0,-5245.25,215.5,1.2848,1.993,7.3068,65.9111,2.7667,0.2391,3.408,84.6838,9.0425,50.7493,64.4947,49.2507,67.1943,86.8006,117.7228,78.29,3.074,352.1682,10.2285,139.8855,742.4168,1.3382,147.7191,639.7727,198.7883,4.614,4.865,2840.0,0.9313,0.9484,4.6532,-0.0191,353.8627,10.4265,119.8664,14.2545,20.0191,27.3069,715.1099,0.8615,151.7891,625.5182,72.6313,0.0,-0.0118,-0.0344,-0.0116,-0.0393,0.0003,-0.1039,-0.0247,0.0173,6.8707,0.1284,2.3918,0.9905,1833.5098,0.1542,8846.63,-0.1227,0.0002,-0.0018,0.0003,0.0,-0.3732,1.0182,-0.1163,-0.0004,0.0005,-0.0149,-0.0132,0.0016,-0.0002,0.0018,-0.1944,-0.2016,0.4547,0.9491,0.0,758.1576,0.9906,58.3868,0.6032,0.9772,6.2352,15.92,4.92,15.96,15.96,1.399,2.471,0.7857,3.062,-0.0946,0.7436,0.9971,2.3063,1006.0844,39.14,129.0,157.5,82.9,68.1001,1245.613,0.148,12.33,0.0046,0.0628,0.0485,0.0395,0.0062,6.9676,6.529,7.118,0.4034,0.0056,6.5858,0.24,0.0391,884.0,3362.0,5927.0,439.0,0.212,0.062,0.153,2.9,1.4,0.132,0.526,0.5365,0.0788,0.3461,0.5934,0.3461,0.8211,0.3103,0.213,17.16,0.159,8.21,24.868,0.1192,6.99,21.44,62.112,0.194,10.28,16.92,0.373,9.45,20.41,10.28,13.895,33.866,0.2357,9.75,0.0,20.41,84.241,0.0,0.0458,0.0568,0.0222,0.0577,0.0294,0.0623,0.0892,0.0522,5.3963,0.0031,0.0398,0.0006,95.1692,0.0245,905.0,0.0325,0.0293,0.0024,0.004,0.0411,0.0106,0.0,124.0166,0.0011,4.0735,0.0161,0.0041,0.4785,0.0343,31.216,4.5258,32.5243,48.3997,31.7074,23.4755,401.8832,0.0598,4.4515,0.0014,0.0208,0.0156,0.011,0.002,2.2722,1.8661,2.3667,0.1281,0.0018,2.1587,0.0782,0.0152,401.9469,1655.6513,2819.6909,197.2722,0.09,0.0284,0.0775,0.8978,0.4243,0.0427,0.1652,0.235,0.0334,0.1324,0.224,0.1324,0.3155,0.1269,0.0877,5.5926,0.0497,2.5967,6.8615,0.0349,1.9431,5.7974,20.3983,0.0599,3.405,5.5394,0.1043,2.513,8.844,3.405,4.5061,10.243,0.0679,2.7578,0.0,6.3656,27.3576,0.0,0.0149,0.0251,0.0097,0.0258,0.0075,0.0321,0.0455,0.0274,1.6955,0.0009,0.0143,0.0002,27.3886,0.0079,336.0106,0.0082,0.0074,0.0053,0.0032,0.0009,0.0012,0.0099,0.0037,0.0,40.841,0.0004,1.3303,0.0059,0.0015,0.156,0.0112,10.5767,1.3543,5.7015,5.139,3.2658,3.1423,112.3241,9.9562,13.0808,3.6815,4.2245,0.0,0.0,0.6356,3.5769,74.3853,1.7925,4.112,0.5758,3.5602,1.9186,2.7893,16.5667,94.6243,112.9975,203.7123,16.5013,3.1109,2.094,4.3999,50.6024,55.2045,15.4343,0.6335,0.8717,0.682,0.9201,0.7027,1.222,0.3575,0.1809,4.8727,1.5545,5.8691,3.3496,8.9105,4.732,3.3512,31.2453,4.1692,0.0,4.7815,3.5774,7.8838,143.1826,51.351,50.8847,4.7358,27.3558,6.4234,0.0,3.2629,115.9845,388.7533,165.1163,191.7927,147.0064,0.0,59.9327,360.404,301.2987,78.541,2.4152,1.6658,0.0598,5.1905,15.8931,10.2299,0.0,0.0,18.1303,256.0,9.0472,1.1193,0.0,16.3576,0.1147,6.9767,2.6733,0.4227,7.6741,1.4871,3.1027,11.5631,0.1096,0.0078,0.0026,7.116,1.6376,403.802,81.824,1.1076,13.56,2.17,0.5251,5.5179,0.852,67.6362,3.3581,2.652,0.9479,0.1192,0.0299,12.5736,250.556,0.625,4.05,0.1616,1.5084,0.0624,1.6164,25.8606,531.4073,2.0161,8.05,0.3213,2.8487,0.1038,1.5148,15.9361,0.4999,0.0288,0.006,5.7671,0.0184,0.0127,0.0037,68.7057,,,,,,,,,,,,recipe_mix_change,EVID_BENIGN_DRIFT_RECIPE_MIX_CHANGE_001,1,0,,,,,,
SYNV2_00567,567,2026-04-05 14:00:00,TOOL_02,TOOL_02_CH_01,RCP_C,MEMORY,NIGHT,0,12,2026-04-06 02:00:00,0,none,none,0,train,SECOM_0566,2008-08-30 05:38:00,3023.07,2484.55,2242.8555,1430.727,0.8832,106.21,0.1216,1.5613,-0.0028,0.0008,0.9665,197.4289,10.5239,418.3575,10.4001,0.9736,187.0288,12.4231,1.4124,-5472.0,2730.0,-3126.5,51.75,1.3055,1.9978,7.3123,69.0667,2.6889,0.2338,3.3631,85.2227,8.5288,50.4747,64.1901,49.5254,66.0973,86.6692,119.2928,78.52,3.182,363.4118,9.6568,130.7782,729.1866,1.3415,138.4627,632.6527,200.0735,4.622,4.872,2846.0,0.9258,0.9487,4.5448,1.4845,360.9091,10.4695,112.2627,20.0572,18.5155,25.426,703.7606,0.9583,139.4236,612.5955,128.6231,0.0,-0.0169,-0.0185,-0.0229,-0.0455,0.0174,-0.006,-0.0295,0.0699,7.4943,0.124,2.4113,0.9862,1888.1251,0.1996,9205.3697,-0.1951,0.0017,-0.0031,0.0002,0.0001,-0.2838,0.9623,-0.027,-0.0006,0.0004,0.0718,-0.0146,0.0004,-0.0016,0.0031,-0.1445,-0.0881,0.4555,0.9406,0.0,814.3718,0.9905,59.4888,0.5981,0.9702,6.3056,15.79,4.254,15.81,15.77,0.9649,2.888,0.9233,3.878,0.7569,0.6627,0.9989,2.3495,1000.8402,45.4033,116.0,101.5,39.2,62.9001,227.0289,0.1099,5.67,0.0039,0.1295,0.0318,0.0331,0.0148,6.6719,8.716,7.466,0.69,0.0103,5.9819,0.35,0.0612,1077.0,374.0,6115.0,1144.0,0.213,0.087,0.109,2.0,1.1,0.078,0.303,0.7978,0.0929,0.402,0.6767,0.4021,0.7542,0.3844,0.386,16.78,0.376,7.49,28.676,0.134,4.12,17.35,45.448,0.256,6.64,16.46,0.203,10.41,24.39,6.64,8.067,34.573,0.1462,3.22,0.0,24.39,72.225,0.0,0.1218,0.0672,0.0364,0.0993,0.1713,0.0798,0.098,0.1066,2.2751,0.0028,0.038,0.002,149.5063,0.034,1468.7002,0.0353,0.0199,0.0091,0.0049,0.0195,0.0292,0.0,166.7729,0.0009,3.4714,0.0404,0.0183,0.4486,0.0446,37.129,4.079,31.1255,35.1342,15.1015,21.1302,80.6074,0.0359,2.1317,0.0011,0.0405,0.011,0.0098,0.0047,2.0407,2.9288,2.2963,0.1955,0.0034,1.8721,0.0801,0.0192,505.6857,168.1031,2679.2656,540.1119,0.0952,0.0461,0.0476,0.5679,0.3444,0.0237,0.1242,0.2868,0.0384,0.152,0.2651,0.152,0.2928,0.1474,0.1582,5.5519,0.11,2.0017,8.0929,0.0502,1.1871,5.0608,12.2045,0.087,2.3084,5.3697,0.0684,2.7184,7.9337,2.3084,3.0447,10.4556,0.0443,1.0527,0.0,7.1474,23.4452,0.0,0.0304,0.029,0.0204,0.0466,0.0466,0.0357,0.047,0.057,0.6548,0.0008,0.0121,0.0007,55.2702,0.0113,468.463,0.008,0.0053,0.0053,0.0023,0.0028,0.0018,0.0061,0.009,0.0,51.1898,0.0003,1.0605,0.014,0.006,0.1471,0.0138,12.3207,1.2009,5.2312,3.3575,1.5778,2.8045,15.8681,12.4432,5.3385,3.2064,8.2945,0.0,0.0,1.5283,3.3794,82.8209,1.7846,6.6348,1.062,3.1984,2.8173,4.3317,19.682,13.6996,195.5861,0.0,16.3156,4.3549,1.4906,2.8958,40.9091,33.365,9.0095,0.9361,1.0887,0.7964,1.0542,0.8119,1.141,0.4435,0.3236,4.6174,3.8936,5.7272,3.9326,9.9915,2.9755,2.7424,22.7157,5.6328,447.275,4.5607,1.939,9.2729,121.602,35.8619,31.7274,4.9126,15.2509,2.3095,0.0,3.9814,56.1524,720.7101,364.2276,158.952,218.4818,983.423,0.0,331.9221,152.6127,30.3581,2.2587,1.5753,0.199,7.9182,17.0492,15.9548,0.0,641.9355,62.3288,0.0,4.2724,3.1064,0.0,20.4787,0.0885,5.8354,6.7488,1.8899,7.1149,1.8976,3.7098,8.9839,0.1096,0.0078,0.0026,7.116,0.9111,403.122,74.084,0.471,16.34,1.15,0.1979,7.4279,0.4789,54.4417,4.0671,1.5298,0.9449,0.0789,0.0226,8.3522,264.272,0.651,5.16,0.1195499999999999,2.15045,0.04865,1.9997,16.98835,533.5555,2.0417,6.08,0.3579,2.091,0.1153,1.1395,17.5289,0.4979,0.0165,0.0041,3.3098,0.0184,0.0127,0.0037,68.7057,,,,,,,,,,,,recipe_mix_change,EVID_BENIGN_DRIFT_RECIPE_MIX_CHANGE_001,1,0,,,,,,
SYNV2_00568,568,2026-04-05 18:00:00,TOOL_05,TOOL_05_CH_01,RCP_C,MEMORY,NIGHT,0,12,2026-04-06 06:00:00,0,none,none,0,train,SECOM_0567,2008-08-30 05:51:00,3032.98,2403.47,2180.7,1159.3838,1.0177,98.9367,0.1222,1.4234,-0.002,0.0027,0.9762,204.1234,16.365,429.5954,9.5397,0.973,194.5836,12.508,1.4016,-5361.5,2661.0,-3748.6667,-2303.0,1.3335,2.0023,7.396,63.8444,2.2667,0.223,3.4144,85.5983,8.5232,50.4559,64.0577,49.5441,66.2289,86.6814,118.5342,78.95,2.607,351.1945,9.9399,133.3809,722.3445,1.3733,139.3382,623.9136,184.3855,4.585,4.833,2826.0,0.9335,0.9486,4.5434,8.9864,348.0518,10.2485,122.3673,11.1346,11.0136,17.1276,705.217,0.8097,143.6782,614.0973,88.1429,0.0,0.0001,-0.0681,-0.0049,-0.0302,0.0006,-0.1008,-0.0169,0.0381,6.2666,0.1252,2.4334,0.9891,1811.7807,0.1864,9005.5399,0.0041,-0.0002,-0.0033,0.0,0.0,0.0469,-0.208,0.0614,0.0002,-0.0001,-0.031,-0.0083,-0.0008,0.0002,0.0034,-0.0642,-0.0593,0.4505,0.9483,0.0,765.0469,0.9907,59.1123,0.5953,0.9659,6.2792,15.95,4.41,16.01,15.97,1.447,2.875,0.6809,3.118,-0.5204,0.7232,0.9961,2.2771,1007.4808,38.3809,81.0,83.6,143.4,45.7,442.248,0.2324,8.7,0.0049,0.0965,0.0464,0.0347,0.0092,8.9203,10.832,10.735,1.3279,0.0073,7.5924,0.36,0.0471,692.0,443.0,966.0,15586.0,0.201,0.171,0.258,3.1,1.9,0.266,0.497,0.8849,0.0676,0.3177,0.5148,0.3177,0.7387,0.1568,0.385,20.32,0.642,9.27,31.786,0.1526,5.96,21.93,38.554,0.273,5.83,15.26,0.331,12.09,13.81,5.83,10.685,40.006,0.2552,6.84,0.0,21.53,89.353,0.0,0.0627,0.0273,0.0333,0.1135,0.0589,0.0927,0.0848,0.0544,3.5968,0.002,0.0405,0.0014,80.7842,0.0264,1370.2002,0.0129,0.0148,0.0064,0.0062,0.1053,0.0268,0.0,134.8903,0.0006,2.9379,0.0376,0.024,0.4252,0.0413,31.723,2.7649,22.6765,25.4251,45.3938,18.9786,125.7819,0.0708,2.5498,0.0015,0.0289,0.0134,0.0088,0.0032,3.1623,3.8329,2.7867,0.3562,0.0025,2.8857,0.0969,0.0128,285.8875,191.1143,498.5522,7126.077,0.0862,0.0819,0.1199,1.2249,0.6225,0.0719,0.1672,0.362,0.0262,0.1223,0.1938,0.1223,0.3011,0.0617,0.1405,5.9035,0.1961,2.4956,9.3265,0.052,1.7231,6.486,11.0645,0.0944,1.6901,5.1267,0.0953,3.34,9.2085,1.6901,3.0487,11.3363,0.0651,2.2998,0.0,6.2329,30.8236,0.0,0.0169,0.0122,0.0143,0.0545,0.0142,0.0474,0.0473,0.027,1.2525,0.0006,0.0145,0.0005,24.9805,0.0087,434.6186,0.0034,0.0039,0.0021,0.0019,0.0019,0.002,0.0283,0.0079,0.0,42.2159,0.0002,0.7674,0.0117,0.0074,0.1415,0.0135,11.4372,0.8707,3.706,2.7564,5.9664,2.0957,38.1451,22.8359,8.7935,4.0107,6.7794,0.0,0.0,0.9455,4.37,66.19,2.4989,13.9201,0.7518,3.9019,2.8782,3.3576,12.9068,16.6479,25.7692,676.7694,15.0731,8.5404,3.4884,4.8556,83.8235,119.2825,14.5558,1.0338,0.7934,0.6297,0.8036,0.6412,1.1154,0.1809,0.3248,5.786,6.4588,6.95,4.4004,11.1114,4.2774,3.5149,20.9094,6.0088,64.8761,4.3844,3.2298,9.8801,124.0279,52.9344,62.3849,5.6729,31.5178,4.7606,0.0,3.506,101.3729,0.0,40.1028,676.1421,375.517,0.0,91.9871,503.2641,142.6885,57.3967,1.5977,1.6654,0.1383,4.4588,14.1822,15.2151,0.0,444.2777,76.8769,751.5152,23.3728,2.8237,0.0,17.6316,0.0572,4.97,6.3123,2.4875,6.7722,1.8115,3.1487,7.2038,0.1096,0.0078,0.0026,7.116,0.8759,409.024,73.642,0.6611,18.9,0.7,0.2817,7.9213,0.2891,75.4768,4.6208,0.9505,0.9675,0.0907,0.0268,9.3697,264.272,0.651,5.16,0.1195499999999999,2.15045,0.04865,1.9997,16.98835,534.7282,1.6257,7.0,0.3806,2.3357,0.0994,1.3091,23.4142,0.5036,0.0136,0.0038,2.6989,0.0348,0.016,0.0047,45.9641,,,,,,,,,,,,recipe_mix_change,EVID_BENIGN_DRIFT_RECIPE_MIX_CHANGE_001,1,0,,,,,,
SYNV2_00569,569,2026-04-05 22:00:00,TOOL_05,TOOL_05_CH_01,RCP_C,MIXED_SIGNAL,SWING,0,48,2026-04-07 22:00:00,0,none,none,0,validation,SECOM_0568,2008-08-30 07:50:00,2972.12,2571.21,2167.2,1108.9456,1.4869,94.26,0.1249,1.5607,0.0138,0.0039,0.9655,199.3313,6.354,412.8214,10.087,0.9799,189.2443,12.4996,1.4096,-6341.25,2987.0,-3927.25,1488.0,0.9962,1.8945,5.2085,72.3111,2.1444,0.1594,4.6594,85.2679,8.4896,50.3505,64.3145,49.6495,65.5737,87.0327,118.3644,78.04,2.957,361.2482,9.5541,143.8727,743.0945,0.8115,129.1373,634.2582,110.0237,4.61,4.869,2855.0,0.923,0.9466,4.5698,-0.95,363.8927,9.9197,122.9227,12.3092,20.95,24.9604,718.1342,0.9615,136.75,623.5655,104.2311,0.0,-0.0282,0.0014,0.0055,-0.0239,0.0024,0.0003,-0.0202,0.0396,7.7319,0.1353,2.345,0.9858,1755.7161,0.2031,8889.4001,-0.1301,-0.0019,-0.0016,0.0003,0.0,-0.4222,1.2181,-0.0763,-0.0006,0.0006,0.0545,-0.0142,0.001,0.0019,0.0015,-0.0045,0.0403,0.4557,0.9254,0.0,742.6547,0.9906,59.2654,0.6065,0.9635,6.2834,15.91,4.392,15.94,15.89,1.239,2.453,0.6586,2.91,-0.5204,0.7586,0.9981,2.2967,1003.0211,38.9026,155.0,114.1,42.0,68.1001,1245.613,0.148,12.33,0.0046,0.4821,0.0417,0.0364,0.0128,9.6871,4.747,17.364,0.8019,0.0071,8.968,0.28,0.0449,342.0,584.0,1722.0,75.0,0.14,0.091,0.186,3.5,0.9,0.078,0.128,0.8301,0.0854,0.3824,0.5431,0.3824,0.9243,0.3081,0.36,19.93,0.243,9.39,30.299,0.0393,1.94,23.8,23.634,0.257,9.51,16.12,0.683,10.77,16.04,9.51,11.238,35.922,0.199,4.66,0.0,23.05,104.336,0.0,0.0749,0.0665,0.0514,0.1134,0.0708,0.097,0.1277,0.1072,2.2093,0.003,0.0743,0.0045,126.5963,0.0713,877.9004,0.013,0.0139,0.0088,0.0053,0.0286,0.0175,0.0,75.4018,0.0007,3.1985,0.0405,0.0245,0.4534,0.0334,33.747,4.0302,38.4143,38.8102,13.6053,23.4755,401.8832,0.0598,4.4515,0.0014,0.1551,0.0123,0.0087,0.0042,2.9324,1.1989,5.1762,0.2355,0.0024,2.7573,0.0743,0.0129,168.9859,249.613,808.1581,36.5057,0.0584,0.0394,0.0884,1.1141,0.2963,0.0262,0.0428,0.322,0.0388,0.1509,0.2118,0.1509,0.3505,0.1267,0.1482,6.405,0.0795,2.6275,8.9269,0.0135,0.6114,6.9114,7.3324,0.0868,2.7968,4.843,0.2409,2.905,9.054,2.7968,3.2985,10.8273,0.0684,1.521,0.0,7.1724,33.4936,0.0,0.0218,0.0283,0.0247,0.049,0.0172,0.0452,0.0683,0.0609,0.7063,0.0008,0.0231,0.0015,41.7239,0.0199,254.632,0.0043,0.0046,0.0059,0.0017,0.0032,0.0019,0.0085,0.0054,0.0,24.1136,0.0003,0.9953,0.0104,0.0083,0.1553,0.012,13.4011,1.3131,6.9906,3.839,1.6335,3.1423,112.3241,9.9562,13.0808,3.6815,30.8902,302.3108,922.9794,1.3254,4.8598,74.7088,4.2062,7.9497,0.7204,4.7388,2.2401,3.1825,5.3933,19.5514,43.8475,5.0403,14.0527,4.8034,3.5711,4.8402,41.9689,48.9199,2.7471,0.9735,1.0065,0.7595,0.8444,0.7702,1.4096,0.354,0.3041,5.517,2.5434,6.5266,4.0774,4.8391,1.5023,3.7524,21.4808,5.6239,0.0,4.4299,6.8853,8.7616,130.3091,45.3938,45.0234,5.0021,20.7022,3.4077,0.0,3.6965,100.1006,265.4264,0.0,938.8128,474.477,0.0,0.0,632.1782,270.5363,28.5736,2.218,3.169,0.4596,7.2105,35.0946,9.8758,702.7027,889.6,61.9718,517.0732,6.283,1.8897,0.0,10.153,0.0732,5.397,6.6715,2.5408,7.2165,1.4539,3.3645,10.3597,0.1096,0.0078,0.0026,7.116,1.4357,409.364,81.212,0.9136,17.01,1.11,0.3906,7.5344,0.5272,63.6387,4.1552,1.3668,1.0501,0.5711,0.1258,54.3883,264.272,0.5671,4.98,0.0877,2.0902,0.0382,1.8844,15.4662,532.8245,1.9063,10.0099,0.2329,3.4941,0.0745,1.8787,12.2165,0.4948,0.0129,0.004,2.5978,0.0348,0.016,0.0047,45.9641,,,,,,,,,,,,recipe_mix_change,EVID_BENIGN_DRIFT_RECIPE_MIX_CHANGE_001,1,0,,,,,,
SYNV2_00570,570,2026-04-06 02:00:00,TOOL_03,TOOL_03_CH_01,RCP_C,MIXED_SIGNAL,SWING,0,24,2026-04-07 02:00:00,0,none,none,0,train,SECOM_0569,2008-08-30 07:54:00,3041.89,2458.12,2242.8555,1430.727,0.8832,106.21,0.1216,1.433,0.0388,0.0167,0.976,196.5961,3.8595,403.9058,10.503,0.9801,186.0931,12.4892,1.4104,-6222.5,3060.25,-4440.0,1524.5,0.974,1.894,5.1555,66.7333,2.0889,0.1577,4.6666,86.2857,8.5855,50.3174,63.9733,49.6826,66.0928,86.8774,118.8308,78.33,2.809,354.5345,10.2989,130.2973,726.7786,1.4068,144.0691,628.9009,167.8814,4.6,4.859,2858.0,0.9314,0.9465,4.4982,2.8618,353.5791,10.4568,113.1591,11.3909,17.1382,22.83,703.9486,1.0149,150.7718,617.51,79.5062,0.0,0.0112,-0.0207,0.0015,-0.0723,0.0308,-0.0867,0.0005,-0.0032,7.2828,0.1291,2.391,0.9876,1846.8055,0.1973,8657.8701,0.0355,-0.001,0.0006,0.0,0.0,0.0577,0.0186,-0.0391,-0.0002,0.0,-0.0465,-0.0101,0.0005,0.001,-0.0006,0.0605,-0.0592,0.4553,0.9459,0.0,768.9593,0.9912,59.2203,0.6117,0.9704,6.2499,15.91,3.193,15.96,15.95,1.04,2.662,0.5172,3.093,0.3311,0.7884,0.9969,2.3378,1008.7769,43.0959,109.0,202.1,129.5,62.9001,227.0289,0.1099,5.67,0.0039,0.0728,0.0535,0.0542,0.0069,5.5385,3.212,8.042,0.4412,0.0049,5.0973,0.36,0.0367,627.0,682.0,1598.0,92.0,0.116,0.093,0.171,2.1,1.0,0.111,0.27,0.8273,0.1027,0.3367,0.4794,0.3367,0.5985,0.2189,0.391,19.27,0.384,19.15,19.496,0.1646,10.2,13.43,65.442,0.282,12.23,24.78,0.614,29.54,18.69,12.23,13.512,29.135,0.5427,7.82,0.0,18.69,103.576,0.0,0.128,0.0392,0.1442,0.049,0.1274,0.0651,0.1374,0.0573,3.9615,0.0017,0.0568,0.0017,118.2354,0.0547,2011.7998,0.0139,0.0141,0.0056,0.0028,0.0236,0.0231,0.0,263.3923,0.0006,2.3849,0.0211,0.0165,0.4087,0.0304,25.375,3.5779,28.7735,62.2912,45.9261,21.1302,80.6074,0.0359,2.1317,0.0011,0.0301,0.0167,0.0162,0.0021,1.8381,1.0442,2.4077,0.1286,0.0015,1.7245,0.0884,0.0123,259.364,297.7766,704.1141,38.923,0.0528,0.0387,0.0702,0.7314,0.3296,0.039,0.0733,0.3069,0.0387,0.1458,0.1783,0.1458,0.2387,0.0927,0.1418,5.9291,0.1223,5.5845,6.4883,0.0463,2.4791,4.7595,23.0794,0.0929,3.2766,7.2101,0.1754,8.4764,12.2602,3.2766,3.8854,9.4427,0.1598,1.9554,0.0,6.2238,35.5838,0.0,0.0306,0.0181,0.0594,0.0203,0.0367,0.0314,0.0593,0.0256,1.228,0.0006,0.0201,0.0005,40.3438,0.0163,672.5819,0.0041,0.0037,0.0034,0.0021,0.0016,0.001,0.0069,0.0075,0.0,83.0472,0.0002,0.7158,0.0072,0.0063,0.1409,0.0111,10.5761,1.1475,4.92245,6.6439,5.2683,2.8045,15.8681,12.4432,5.3385,3.2064,5.0803,138.0423,325.2813,0.7111,2.8172,83.2222,1.9911,4.2011,0.5019,2.7391,2.8825,2.6022,10.0763,22.2858,35.991,6.0348,11.9097,4.9102,3.3168,3.1469,47.8723,70.4017,5.7859,0.9588,1.1967,0.6692,0.7494,0.6777,0.9055,0.252,0.329,5.4353,3.7285,14.6972,2.6825,11.7,7.0799,2.1355,38.9811,6.2692,427.3507,7.0083,5.8718,26.1048,164.0785,71.3611,59.1854,4.1388,53.477,5.1866,0.0,3.0267,130.2741,0.0,189.601,0.0,67.7966,413.1334,75.1298,0.0,0.0,54.3959,1.3169,2.3769,0.1673,6.4022,27.7137,23.2367,0.0,0.0,55.377,533.3333,5.1816,2.4454,0.0,34.2531,0.0654,4.0271,3.4556,1.7034,6.539,1.3018,2.5154,8.3022,0.1096,0.0078,0.0026,7.116,1.2395,405.904,72.668,2.6488,15.43,1.9,1.1163,6.8613,0.7849,213.6966,3.8014,2.6146,0.9495,0.1103,0.0268,11.6115,264.272,0.651,5.16,0.1195499999999999,2.15045,0.04865,1.9997,16.98835,531.6773,1.9737,7.58,0.2852,2.6042,0.0855,1.4257,14.4492,0.4969,0.0116,0.0036,2.3394,0.0142,0.0102,0.0031,71.778,,,,,,,,,,,,recipe_mix_change,EVID_BENIGN_DRIFT_RECIPE_MIX_CHANGE_001,1,0,,,,,,
SYNV2_00571,571,2026-04-06 06:00:00,TOOL_04,TOOL_04_CH_02,RCP_C,MIXED_SIGNAL,NIGHT,0,24,2026-04-07 06:00:00,0,none,none,0,train,SECOM_0570,2008-08-30 08:10:00,3006.39,2496.55,2220.4778,1531.698,1.7751,107.6856,0.1249,1.5624,-0.0159,0.0013,0.9811,197.3294,12.2403,408.2175,9.4949,0.9818,187.8345,12.5218,1.4079,-6305.25,3041.75,-4039.0,1567.0,0.9762,1.888,5.0947,67.4111,2.7556,0.1837,4.6542,86.0936,8.5891,50.4484,64.1358,49.5516,66.0981,86.7366,119.1796,78.4,2.915,354.8445,10.1841,141.9809,748.5214,1.2706,147.9718,644.7973,202.1775,4.637,4.836,2881.0,0.934,0.9588,4.5775,-2.0764,356.29,10.3665,119.9045,15.5746,22.0764,30.4914,718.03,0.8786,153.0282,629.2227,85.7339,0.0,-0.0195,-0.0586,0.001,-0.0459,0.0344,-0.0765,0.0,0.0398,7.2439,0.1351,2.3651,0.9876,1846.8055,0.2021,8763.57,-0.0109,-0.0028,-0.0016,0.0003,0.0,-0.3512,1.0231,-0.0605,-0.0005,0.0005,-0.0574,-0.0141,0.0008,0.0029,0.0015,-0.1738,-0.1986,0.4526,0.9443,0.0,755.3514,0.9902,59.0644,0.6034,0.979,6.3163,15.93,4.585,15.98,15.95,1.376,2.461,0.6903,2.92,-1.655,0.7591,0.9967,2.2937,1005.3318,42.9293,129.0,242.7,194.3,45.3999,380.0431,0.9433,6.98,0.0067,0.1721,0.0605,0.0506,0.0059,10.9516,15.901,6.152,0.3763,0.0047,10.6499,0.26,0.0316,572.0,780.0,1311.0,154.0,0.142,0.096,0.239,2.4,1.0,0.088,0.136,0.969,0.0613,0.4582,0.6485,0.4581,0.6511,0.1948,0.196,19.72,0.282,6.73,28.097,0.1104,7.4,23.9,67.492,0.211,7.16,19.31,0.212,6.72,23.85,7.16,5.796,31.282,0.1196,9.35,0.0,23.85,69.7,0.0,0.1157,0.0579,0.0916,0.0642,0.1017,0.0831,0.0715,0.1445,4.0175,0.0038,0.0559,0.0017,118.2354,0.0587,2628.2002,0.0277,0.023,0.0047,0.006,0.0162,0.0212,0.0,196.4097,0.0011,3.3302,0.0223,0.0038,0.4863,0.0215,25.494,4.0608,31.1758,79.1368,67.7041,14.6265,134.0559,0.2733,2.2908,0.0017,0.0573,0.018,0.0139,0.0021,3.339,4.3312,1.8016,0.1247,0.0016,3.2447,0.0743,0.013,252.5449,320.9241,657.3561,65.7774,0.0587,0.0411,0.1005,0.7574,0.3745,0.0277,0.0511,0.3537,0.0228,0.1776,0.2316,0.1776,0.2742,0.0785,0.0757,6.314,0.0927,1.9931,8.1083,0.0363,2.3871,7.1578,20.0055,0.0652,2.1391,6.5522,0.0597,1.8748,10.3051,2.1391,2.2432,9.6708,0.0384,2.9181,0.0,7.1616,19.4219,0.0,0.0278,0.0246,0.0435,0.0323,0.0313,0.0384,0.0312,0.0726,1.5415,0.0011,0.0169,0.0005,40.3438,0.0183,842.6579,0.0073,0.0074,0.0054,0.0022,0.0014,0.0022,0.0049,0.0071,0.0,65.1065,0.0003,1.0441,0.0072,0.0016,0.1515,0.0066,9.1571,1.2545,5.8964,8.0728,7.7827,2.0446,24.8119,53.1435,6.4818,5.366,11.0152,379.459,0.0,0.5995,5.5499,129.9072,1.507,3.9632,0.4793,5.6698,2.0764,2.2466,9.0718,25.6431,32.4585,9.8277,14.5455,5.0847,4.6911,3.5602,36.2903,47.9129,2.9221,1.1255,0.7133,0.9083,1.0111,0.9245,0.9851,0.2246,0.1645,5.5574,2.769,4.7401,3.7537,8.6902,5.001,3.7066,33.3826,4.6095,344.8336,5.4197,2.0451,5.6045,153.1343,32.4329,19.0086,4.3566,13.6147,6.11,0.0,3.7904,81.298,593.3333,98.7633,0.0,139.7171,295.2104,108.6275,0.0,362.8374,55.46,2.812,2.3632,0.1673,6.4022,29.0453,29.9901,993.722,0.0,33.2449,738.4615,3.5726,2.2476,0.0,26.0024,0.1155,5.6382,3.6922,0.3908,7.6994,0.9382,2.5359,9.4593,0.1096,0.0078,0.0026,7.116,0.9111,403.122,74.084,0.471,16.34,1.15,0.1979,7.4279,0.4789,54.4417,4.0671,1.5298,0.951,0.1038,0.036,10.9099,264.272,0.651,5.16,0.1195499999999999,2.15045,0.04865,1.9997,16.98835,531.8827,2.0572,8.31,0.2494,3.0,0.0771,1.5624,12.124,0.5031,0.022,0.0049,4.3823,0.0142,0.0102,0.0031,71.778,,,,,,,,,,,,recipe_mix_change,EVID_BENIGN_DRIFT_RECIPE_MIX_CHANGE_001,1,0,,,,,,
SYNV2_00572,572,2026-04-06 10:00:00,TOOL_06,TOOL_06_CH_02,RCP_C,MIXED_SIGNAL,DAY,0,12,2026-04-06 22:00:00,0,none,none,0,train,SECOM_0571,2008-08-30 08:29:00,2976.75,2508.1,2242.8555,1430.727,0.8832,106.21,0.1216,1.4413,-0.0206,0.0151,0.975,196.88,11.3892,409.5023,10.3778,0.9797,186.5023,12.4996,1.3956,-5412.5,2500.5,-4143.5,-632.5,1.2763,1.9957,7.2045,67.3667,2.7222,0.2289,3.4331,85.7033,8.7568,50.0323,63.6774,49.9677,66.3915,86.5928,118.7572,76.76,3.341,354.6527,10.1519,131.5155,728.2117,1.391,145.1209,631.2891,231.2733,4.611,4.856,2848.0,0.9305,0.9495,4.5122,3.36,354.4973,10.4435,114.8755,15.4055,16.64,25.3734,702.8384,0.9857,146.5109,615.8836,53.5951,0.0,0.0097,-0.044,0.0063,-0.0376,0.0243,0.0185,-0.0201,0.0367,7.0181,0.1211,2.4479,0.9671,1664.8378,0.1962,8642.9699,-0.0126,-0.0032,-0.0032,0.0003,0.0,-0.4581,1.2125,-0.0707,-0.0004,0.0006,-0.0467,-0.0144,0.001,0.0034,0.0032,-0.2872,-0.1822,0.4341,0.9199,0.0,721.9475,0.9903,56.9709,0.5986,0.966,6.2851,15.79,4.254,15.81,15.77,0.9649,2.888,0.9233,3.878,0.7569,0.6627,0.9989,2.3495,1000.8402,45.4033,382.0,57.6,105.1,62.9001,227.0289,0.1099,5.67,0.0039,0.0996,0.0677,0.1002,0.0088,6.9564,8.655,10.93,0.6647,0.0059,6.2916,0.28,0.0668,1090.0,229.0,6800.0,2503.0,0.168,0.099,0.17,2.8,0.8,0.14,0.351,0.497,0.1144,0.3131,0.5167,0.3131,0.7184,0.1293,1.008,17.27,0.362,9.29,33.842,0.1546,6.25,21.08,41.733,0.256,5.87,18.61,0.442,10.38,28.9,5.87,8.083,33.587,0.366,10.3,0.0,28.9,74.961,0.0,0.0858,0.0618,0.1287,0.0676,0.1098,0.0899,0.0574,0.1194,3.1541,0.0035,0.0642,0.0137,82.1368,0.0444,806.5,0.0394,0.0206,0.0066,0.0041,0.4686,0.0229,0.0,68.8286,0.0012,3.5704,0.0318,0.0224,0.4285,0.0446,37.129,4.079,63.9084,22.4426,35.1482,21.1302,80.6074,0.0359,2.1317,0.0011,0.0429,0.0199,0.0245,0.0027,2.0922,2.7238,2.8958,0.1898,0.0018,1.921,0.0743,0.0232,550.8844,100.7058,2781.9314,1050.1036,0.076,0.051,0.0784,0.9206,0.2386,0.0438,0.1159,0.1883,0.0442,0.1233,0.1987,0.1233,0.2656,0.0502,0.4203,5.318,0.1058,2.5972,10.1082,0.0442,1.7548,6.6742,13.4493,0.0811,1.4819,5.5034,0.1278,3.1395,9.6147,1.4819,2.175,10.1995,0.104,2.7846,0.0,7.6277,21.4487,0.0,0.0225,0.0291,0.061,0.0325,0.0328,0.0426,0.026,0.0634,1.1475,0.001,0.023,0.0039,30.9904,0.012,264.1052,0.0104,0.0067,0.0067,0.0023,0.0021,0.0017,0.1147,0.0074,0.0,21.981,0.0003,1.1962,0.0098,0.0069,0.1476,0.0138,12.3207,1.2009,17.4781,1.935,4.1904,2.8045,15.8681,12.4432,5.3385,3.2064,6.9104,328.4415,663.8509,0.9051,3.5333,75.9932,2.6691,6.4047,0.5985,3.3735,2.2401,4.7843,20.1386,9.1582,164.1125,395.7312,13.1636,4.9605,2.3596,4.1564,29.3878,61.165,10.224,0.5799,1.306,0.6258,0.8114,0.6266,1.0821,0.1493,0.8488,4.8695,3.5658,7.0638,4.6473,11.117,4.3068,3.3392,18.0449,5.6735,174.7024,5.2497,4.2323,9.0359,187.5957,35.2764,31.8562,4.7788,37.132,7.0302,0.0,4.6924,139.8654,883.3977,140.5344,0.0,179.9069,451.2715,485.9459,285.9278,325.3406,44.942,2.8899,2.622,1.4194,4.9336,22.6181,9.3313,0.0,642.4951,45.8732,431.5789,107.9521,2.4892,0.0,9.5337,0.1251,6.267,5.3164,2.3214,6.8174,1.8976,3.7098,8.9839,0.1096,0.0078,0.0026,7.116,1.5199,412.332,73.95,0.501,19.64,1.24,0.1984,9.332,0.4695,32.9648,4.7631,1.6768,0.9602,0.1042,0.0297,10.8507,264.272,0.5671,4.98,0.0877,2.0902,0.0382,1.8844,15.4662,534.0555,2.0153,8.58,0.1975,3.0459,0.071,1.6066,9.8005,0.4966,0.0097,0.0027,1.9471,0.0142,0.0102,0.0031,71.778,,,,,,,,,,,,recipe_mix_change,EVID_BENIGN_DRIFT_RECIPE_MIX_CHANGE_001,1,0,,,,,,
SYNV2_00573,573,2026-04-06 14:00:00,TOOL_03,TOOL_03_CH_01,RCP_C,MIXED_SIGNAL,DAY,0,12,2026-04-07 02:00:00,0,none,none,0,train,SECOM_0572,2008-08-30 08:42:00,3009.65,2515.97,2216.4778,1242.235,0.8379,105.1111,0.1233,1.5996,-0.0095,-0.0072,0.9559,200.4821,7.5901,404.3479,10.6751,0.9754,189.807,12.5351,1.4185,-5320.5,2775.25,-3819.0,304.0,1.3165,2.0238,7.3545,66.9333,2.2,0.1873,3.3962,84.7226,8.9635,50.5609,64.2798,49.4391,66.2774,86.9622,118.5886,77.84,3.243,361.7155,9.8952,140.4445,745.9903,1.2882,139.6882,641.8482,198.343,4.659,4.911,2848.0,0.928,0.9487,4.5337,4.0427,358.9464,10.167,124.4873,12.3891,15.9573,23.229,722.7613,1.0437,146.0255,629.4591,54.9354,0.0,-0.0177,-0.0394,-0.0214,-0.0916,0.0068,-0.1174,-0.0674,-0.022,7.6154,0.139,2.4035,0.9882,1729.1412,0.2034,9322.2499,-0.0376,0.0017,-0.0025,-0.0002,0.0001,0.2737,-0.6012,0.026,0.0001,-0.0003,-0.0306,-0.0093,-0.0004,-0.0016,0.0025,-0.0851,-0.07,0.4628,0.9404,0.0,718.4279,0.9907,58.0339,0.6019,0.9686,6.2891,15.92,4.92,15.96,15.96,1.399,2.471,0.7857,3.062,-0.0946,0.7436,0.9971,2.3063,1006.0844,39.14,131.0,74.9,86.3,53.3,180.863,0.2243,3.78,0.0043,0.0911,0.036,0.0377,0.0205,9.1675,3.734,7.64,0.4232,0.0105,8.8051,0.26,0.0307,197.0,2059.0,537.0,13723.0,0.151,0.184,0.149,2.2,1.0,0.149,0.311,0.6475,0.072,0.2169,0.5249,0.2169,0.7847,0.2436,0.184,16.89,0.602,12.76,38.995,0.1701,7.7,23.88,38.844,0.224,7.61,22.97,0.884,10.39,26.18,7.61,11.358,31.265,0.3344,7.94,0.0,26.18,106.08,0.0,0.0617,0.0647,0.0416,0.0756,0.045,0.0952,0.069,0.0465,3.5969,0.0029,0.0758,0.0026,93.6949,0.1323,1411.4004,0.0264,0.0206,0.0065,0.0034,0.031,0.0193,0.0,142.7325,0.0007,1.9651,0.0297,0.0202,0.4234,0.0343,31.216,4.5258,31.9114,22.5536,31.8371,19.1529,66.5739,0.0786,1.2819,0.0011,0.0257,0.0114,0.0116,0.0068,3.2973,1.4344,2.5363,0.119,0.0034,3.2312,0.0787,0.0098,86.7967,853.8912,248.4525,5735.0669,0.0726,0.0754,0.0664,0.6481,0.3536,0.0581,0.0915,0.261,0.0274,0.0901,0.2068,0.0901,0.3216,0.1076,0.0825,5.6554,0.1879,3.4807,11.4274,0.0462,1.9762,7.1874,14.2163,0.0775,2.1851,6.4518,0.2496,3.0849,10.5465,2.1851,3.4577,9.5925,0.1069,2.9031,0.0,7.5904,31.4582,0.0,0.0179,0.0328,0.0202,0.0331,0.0128,0.0512,0.0285,0.0217,1.3744,0.0008,0.0241,0.0008,30.2974,0.0393,399.0067,0.0072,0.0055,0.0068,0.005,0.0021,0.0012,0.0081,0.0065,0.0,42.7497,0.0002,0.6908,0.0103,0.0069,0.1453,0.0112,10.5767,1.3543,6.0079,2.4887,3.4301,2.4047,14.5595,26.7732,3.5962,3.4864,5.6951,377.7049,523.6111,2.1483,4.5727,49.1957,1.8895,3.9648,1.0777,4.639,2.0742,2.1663,3.7027,74.1915,14.0613,0.0,11.4698,9.092,2.026,3.2869,45.4545,79.5374,9.1572,0.7643,0.8028,0.429,0.8166,0.4387,1.184,0.2801,0.1552,4.6694,6.0838,9.0854,5.2273,13.2064,5.5123,3.7205,19.5843,4.9408,188.2393,6.3993,8.6948,8.3462,211.3148,47.6899,48.8959,4.3258,32.0428,5.4374,0.0,4.1591,193.0997,347.7281,164.3175,194.3925,82.5553,659.945,81.0558,102.4119,211.6041,47.2323,2.0858,3.1529,0.2581,5.4186,65.082,15.1401,0.0,826.0652,69.7051,971.4286,6.6988,2.05,0.0,19.8673,0.0696,3.3861,4.9428,2.0865,6.7317,1.4871,3.1027,11.5631,0.1096,0.0078,0.0026,7.116,1.5941,406.118,82.076,1.0192,17.24,1.57,0.505,8.2458,0.7845,63.9363,4.2451,1.9129,0.9799,0.4397,0.0728,44.8745,265.996,0.8106,4.55,0.099,1.8045,0.0373,1.7105,12.2083,534.3355,2.2662,9.03,0.2605,3.3888,0.0777,1.69,11.4947,0.5029,0.0198,0.0042,3.9426,0.0142,0.0102,0.0031,71.778,,,,,,,,,,,,recipe_mix_change,EVID_BENIGN_DRIFT_RECIPE_MIX_CHANGE_001,1,0,,,,,,
